income_group,age_target,vaccine_n_2021,relative_constraint,strategy,pop_2019,deaths_averted_2021
HIC,0_0_0_0_0_0_0_0_0_0_0_0_0_0_0_0_1,47093652.28237152,3.8847757504000007,Target older groups first,1212261796,1222736.465274518
HIC,0_0_0_0_0_0_0_0_0_0_0_0_0_0_0_1_1,84863459.87176223,7.000423518399999,Target older groups first,1212261796,1618243.4224332161
HIC,0_0_0_0_0_0_0_0_0_0_0_0_0_0_1_1_1,146297602.5993484,12.0681525296,Target older groups first,1212261796,2118173.398437558
HIC,0_0_0_0_0_0_0_0_0_0_0_0_0_1_1_1_1,206807048.3702348,17.0596028888,Target older groups first,1212261796,2401639.9685292672
HIC,0_0_0_0_0_0_0_0_0_0_0_0_1_1_1_1_1,272987675.9975493,22.5188714928,Target older groups first,1212261796,2723713.682490547
HIC,0_0_0_0_0_0_0_0_0_0_0_1_1_1_1_1_1,334874283.2790822,27.62392450080001,Target older groups first,1212261796,2937697.770578002
HIC,0_0_0_0_0_0_0_0_0_0_1_1_1_1_1_1_1,389864100.846528,32.1600583416,Target older groups first,1212261796,3117098.454149168
HIC,0_0_0_0_0_0_0_0_0_1_1_1_1_1_1_1_1,452007690.4146954,37.28630992960001,Target older groups first,1212261796,3291812.7760693575
HIC,0_0_0_0_0_0_0_0_1_1_1_1_1_1_1_1_1,520433069.3388586,42.930749039199995,Target older groups first,1212261796,3456551.880574982
HIC,0_0_0_0_0_0_0_1_1_1_1_1_1_1_1_1_1,591654503.4548309,48.8058359512,Target older groups first,1212261796,3597186.3715289417
HIC,0_0_0_0_0_0_1_1_1_1_1_1_1_1_1_1_1,663976348.9169142,54.77169627120001,Target older groups first,1212261796,3707926.7290459014
HIC,0_0_0_0_0_1_1_1_1_1_1_1_1_1_1_1_1,730225065.8658828,60.23658159280001,Target older groups first,1212261796,3733600.9791710265
HIC,0_0_0_0_1_1_1_1_1_1_1_1_1_1_1_1_1,785245633.4526879,64.77525201600001,Target older groups first,1212261796,3754628.6298320824
HIC,0_0_0_1_1_1_1_1_1_1_1_1_1_1_1_1_1,830408623.9050404,68.5007666368,Target older groups first,1212261796,3798395.8872625073
HIC,0_0_1_1_1_1_1_1_1_1_1_1_1_1_1_1_1,875138917.6716492,72.19058792080001,Target older groups first,1212261796,3857579.4779526643
HIC,0_1_1_1_1_1_1_1_1_1_1_1_1_1_1_1_1,922204016.368772,76.07300827360001,Target older groups first,1212261796,3921397.545488929
HIC,1_1_1_1_1_1_1_1_1_1_1_1_1_1_1_1_1,969809436.8000001,80,Target older groups first,1212261796,3921365.541777515
UMIC,0_0_0_0_0_0_0_0_0_0_0_0_0_0_0_0_1,48163290.014023215,1.6864707296,Target older groups first,2855862789,1694302.2862104925
UMIC,0_0_0_0_0_0_0_0_0_0_0_0_0_0_0_1_1,88671622.04902476,3.10489784,Target older groups first,2855862789,2296987.576369434
UMIC,0_0_0_0_0_0_0_0_0_0_0_0_0_0_1_1_1,145383286.89345756,5.0906957944,Target older groups first,2855862789,2877621.6075893915
UMIC,0_0_0_0_0_0_0_0_0_0_0_0_0_1_1_1_1,223719700.4092969,7.8336991984,Target older groups first,2855862789,3414777.4125370537
UMIC,0_0_0_0_0_0_0_0_0_0_0_0_1_1_1_1_1,339823280.62947935,11.8991459232,Target older groups first,2855862789,3936634.931696602
UMIC,0_0_0_0_0_0_0_0_0_0_0_1_1_1_1_1_1,466282374.2931141,16.3271980744,Target older groups first,2855862789,4284055.7805314725
UMIC,0_0_0_0_0_0_0_0_0_0_1_1_1_1_1_1_1,586426635.2433857,20.534132014399997,Target older groups first,2855862789,4596845.866014371
UMIC,0_0_0_0_0_0_0_0_0_1_1_1_1_1_1_1_1,714550733.0339601,25.0204854304,Target older groups first,2855862789,4837300.374087245
UMIC,0_0_0_0_0_0_0_0_1_1_1_1_1_1_1_1_1,847771367.8252287,29.685297595199998,Target older groups first,2855862789,5016996.401324146
UMIC,0_0_0_0_0_0_0_1_1_1_1_1_1_1_1_1_1,1027774557.4986343,35.9882330992,Target older groups first,2855862789,5246635.185842521
UMIC,0_0_0_0_0_0_1_1_1_1_1_1_1_1_1_1_1,1217524112.7820046,42.6324442992,Target older groups first,2855862789,5373978.678776588
UMIC,0_0_0_0_0_1_1_1_1_1_1_1_1_1_1_1_1,1412248375.51308,49.450848302400004,Target older groups first,2855862789,5482517.4575902065
UMIC,0_0_0_0_1_1_1_1_1_1_1_1_1_1_1_1_1,1588880947.0892258,55.63575929520002,Target older groups first,2855862789,5563817.017122343
UMIC,0_0_0_1_1_1_1_1_1_1_1_1_1_1_1_1_1,1741452178.5914736,60.9781459144,Target older groups first,2855862789,5745417.333666948
UMIC,0_0_1_1_1_1_1_1_1_1_1_1_1_1_1_1_1,1916541575.6165159,67.1090215888,Target older groups first,2855862789,6140311.189643365
UMIC,0_1_1_1_1_1_1_1_1_1_1_1_1_1_1_1_1,2101702217.0899572,73.5925488152,Target older groups first,2855862789,6167164.296275775
UMIC,1_1_1_1_1_1_1_1_1_1_1_1_1_1_1_1_1,2284690231.245694,80.00000000160001,Target older groups first,2855862789,6167099.753776743
LMIC,0_0_0_0_0_0_0_0_0_0_0_0_0_0_0_0_1,26803516.31404628,0.920019672,Target older groups first,2913363391,1609597.7304941297
LMIC,0_0_0_0_0_0_0_0_0_0_0_0_0_0_0_1_1,50407878.31040552,1.730229688,Target older groups first,2913363391,2254730.0064337784
LMIC,0_0_0_0_0_0_0_0_0_0_0_0_0_0_1_1_1,79754041.5437201,2.7375246695999995,Target older groups first,2913363391,2779189.022700173
LMIC,0_0_0_0_0_0_0_0_0_0_0_0_0_1_1_1_1,132324594.61608976,4.5419872792,Target older groups first,2913363391,3430138.1199862924
LMIC,0_0_0_0_0_0_0_0_0_0_0_0_1_1_1_1_1,202454082.53978306,6.949153104800001,Target older groups first,2913363391,4118951.6185925617
LMIC,0_0_0_0_0_0_0_0_0_0_0_1_1_1_1_1_1,284576968.92578584,9.7679873992,Target older groups first,2913363391,4606467.43904304
LMIC,0_0_0_0_0_0_0_0_0_0_1_1_1_1_1_1_1,380942477.75679195,13.075693850400002,Target older groups first,2913363391,5091493.499139572
LMIC,0_0_0_0_0_0_0_0_0_1_1_1_1_1_1_1_1,501211400.7214757,17.2038751592,Target older groups first,2913363391,5461173.093186953
LMIC,0_0_0_0_0_0_0_0_1_1_1_1_1_1_1_1_1,649398776.781652,22.290345886399997,Target older groups first,2913363391,5729790.441891256
LMIC,0_0_0_0_0_0_0_1_1_1_1_1_1_1_1_1_1,827561029.2409905,28.405691916000002,Target older groups first,2913363391,6021918.050488252
LMIC,0_0_0_0_0_0_1_1_1_1_1_1_1_1_1_1_1,1020734292.2494032,35.036284708,Target older groups first,2913363391,6188157.478942104
LMIC,0_0_0_0_0_1_1_1_1_1_1_1_1_1_1_1_1,1225247260.8871183,42.05610823119999,Target older groups first,2913363391,6325365.241204639
LMIC,0_0_0_0_1_1_1_1_1_1_1_1_1_1_1_1_1,1430963474.639132,49.117232648000005,Target older groups first,2913363391,6435264.883057976
LMIC,0_0_0_1_1_1_1_1_1_1_1_1_1_1_1_1_1,1643121975.319024,56.39948591359999,Target older groups first,2913363391,6679767.1576296175
LMIC,0_0_1_1_1_1_1_1_1_1_1_1_1_1_1_1_1,1867284429.227188,64.093769936,Target older groups first,2913363391,7212898.0913656615
LMIC,0_1_1_1_1_1_1_1_1_1_1_1_1_1_1_1_1,2099561399.3265188,72.06658138880002,Target older groups first,2913363391,7252920.712285862
LMIC,1_1_1_1_1_1_1_1_1_1_1_1_1_1_1_1_1,2330690712.823307,80.00000000080001,Target older groups first,2913363391,7252707.4540856425
LIC,0_0_0_0_0_0_0_0_0_0_0_0_0_0_0_0_1,2167284.187205835,0.32592805599999997,Target older groups first,664957848,188503.58066673606
LIC,0_0_0_0_0_0_0_0_0_0_0_0_0_0_0_1_1,4763449.206008064,0.7163535584,Target older groups first,664957848,275071.1181086161
LIC,0_0_0_0_0_0_0_0_0_0_0_0_0_0_1_1_1,9080535.769440196,1.3655806599999998,Target older groups first,664957848,406769.07871111686
LIC,0_0_0_0_0_0_0_0_0_0_0_0_0_1_1_1_1,16494612.574161176,2.4805501016000004,Target older groups first,664957848,579255.5537099376
LIC,0_0_0_0_0_0_0_0_0_0_0_0_1_1_1_1_1,26662402.06798126,4.0096379264,Target older groups first,664957848,750336.7067927954
LIC,0_0_0_0_0_0_0_0_0_0_0_1_1_1_1_1_1,39750673.0885031,5.977923744800001,Target older groups first,664957848,899367.9906275425
LIC,0_0_0_0_0_0_0_0_0_0_1_1_1_1_1_1_1,56242500.10104238,8.458054938400004,Target older groups first,664957848,1019588.9117651327
LIC,0_0_0_0_0_0_0_0_0_1_1_1_1_1_1_1_1,76870793.85255192,11.560250636000001,Target older groups first,664957848,1121323.8717367537
LIC,0_0_0_0_0_0_0_0_1_1_1_1_1_1_1_1_1,102115132.43870401,15.356632416000002,Target older groups first,664957848,1220857.1562736463
LIC,0_0_0_0_0_0_0_1_1_1_1_1_1_1_1_1_1,131722221.62682274,19.809108505600005,Target older groups first,664957848,1315579.0718055505
LIC,0_0_0_0_0_0_1_1_1_1_1_1_1_1_1_1_1,166872929.31152037,25.095264280800002,Target older groups first,664957848,1396514.68225801
LIC,0_0_0_0_0_1_1_1_1_1_1_1_1_1_1_1_1,209578355.97656336,31.5175400376,Target older groups first,664957848,1462928.0122848575
LIC,0_0_0_0_1_1_1_1_1_1_1_1_1_1_1_1_1,260981505.05057088,39.247826886400006,Target older groups first,664957848,1539799.7993450495
LIC,0_0_0_1_1_1_1_1_1_1_1_1_1_1_1_1_1,318847047.70979947,47.9499638464,Target older groups first,664957848,1740879.1958247314
LIC,0_0_1_1_1_1_1_1_1_1_1_1_1_1_1_1_1,382834146.19623977,57.5726938704,Target older groups first,664957848,1808081.5648340161
LIC,0_1_1_1_1_1_1_1_1_1_1_1_1_1_1_1_1,453020950.02675605,68.12776951040001,Target older groups first,664957848,1808080.8998761682
LIC,1_1_1_1_1_1_1_1_1_1_1_1_1_1_1_1_1,531966278.3893607,79.9999999984,Target older groups first,664957848,1807904.1540801697
HIC,0_0_0_0_0_0_0_0_0_0_0_0_1_0_0_0_0,66180627.62731452,5.459268604,Target working-age first,1212261796,533059.8786272267
HIC,0_0_0_0_0_0_0_0_0_0_0_1_1_0_0_0_0,128067234.90884736,10.564321612,Target working-age first,1212261796,923995.3965532092
HIC,0_0_0_0_0_0_0_0_0_0_1_1_1_0_0_0_0,183057052.4762932,15.100455452799999,Target working-age first,1212261796,1298570.2292803754
HIC,0_0_0_0_0_0_0_0_0_1_1_1_1_0_0_0_0,245200642.04446054,20.226707040799997,Target working-age first,1212261796,1744639.1712360785
HIC,0_0_0_0_0_0_0_0_1_1_1_1_1_0_0_0_0,313626020.96862394,25.871146150400005,Target working-age first,1212261796,2206268.948057597
HIC,0_0_0_0_0_0_0_1_1_1_1_1_1_0_0_0_0,384847455.0845961,31.7462330624,Target working-age first,1212261796,2658637.7721147533
HIC,0_0_0_0_0_0_1_1_1_1_1_1_1_0_0_0_0,457169300.54667944,37.7120933824,Target working-age first,1212261796,3050489.275053793
HIC,0_0_0_0_0_1_1_1_1_1_1_1_1_0_0_0_0,523418017.4956479,43.176978704,Target working-age first,1212261796,3146945.5518284845
HIC,0_0_0_0_1_1_1_1_1_1_1_1_1_0_0_0_0,578438585.082453,47.7156491272,Target working-age first,1212261796,3228365.17573795
HIC,0_0_0_1_1_1_1_1_1_1_1_1_1_0_0_0_0,623601575.5348057,51.441163747999994,Target working-age first,1212261796,3401536.0459394734
HIC,0_0_0_1_1_1_1_1_1_1_1_1_1_1_0_0_0,684111021.3056922,56.43261410720001,Target working-age first,1212261796,3477037.4077608674
HIC,0_0_1_1_1_1_1_1_1_1_1_1_1_1_0_0_0,728841315.0723007,60.12243539119999,Target working-age first,1212261796,3707858.842385325
HIC,0_0_1_1_1_1_1_1_1_1_1_1_1_1_1_0_0,790275457.7998871,65.19016440240001,Target working-age first,1212261796,3751075.248055647
HIC,0_1_1_1_1_1_1_1_1_1_1_1_1_1_1_0_0,837340556.4970098,69.07258475520001,Target working-age first,1212261796,3920870.6965123876
HIC,0_1_1_1_1_1_1_1_1_1_1_1_1_1_1_1_0,875110364.0864005,72.1882325232,Target working-age first,1212261796,3921001.1358816368
HIC,1_1_1_1_1_1_1_1_1_1_1_1_1_1_1_1_0,922715784.5176286,76.1152242496,Target working-age first,1212261796,3920985.1340259295
HIC,1_1_1_1_1_1_1_1_1_1_1_1_1_1_1_1_1,969809436.8000001,80,Target working-age first,1212261796,3921365.541777515
UMIC,0_0_0_0_0_0_0_0_0_0_0_0_1_0_0_0_0,116103580.22018245,4.0654467248,Target working-age first,2855862789,718607.6166272409
UMIC,0_0_0_0_0_0_0_0_0_0_0_1_1_0_0_0_0,242562673.88381732,8.493498876000002,Target working-age first,2855862789,1249396.5610731074
UMIC,0_0_0_0_0_0_0_0_0_0_1_1_1_0_0_0_0,362706934.83408886,12.700432816000001,Target working-age first,2855862789,1804640.2585811808
UMIC,0_0_0_0_0_0_0_0_0_1_1_1_1_0_0_0_0,490831032.6246632,17.186786232,Target working-age first,2855862789,2273412.4290462392
UMIC,0_0_0_0_0_0_0_0_1_1_1_1_1_0_0_0_0,624051667.4159318,21.8515983968,Target working-age first,2855862789,2663435.325449738
UMIC,0_0_0_0_0_0_0_1_1_1_1_1_1_0_0_0_0,804054857.0893373,28.1545339008,Target working-age first,2855862789,3267928.947926674
UMIC,0_0_0_0_0_0_1_1_1_1_1_1_1_0_0_0_0,993804412.3727078,34.798745100800005,Target working-age first,2855862789,3595977.337118642
UMIC,0_0_0_0_0_1_1_1_1_1_1_1_1_0_0_0_0,1188528675.1037831,41.617149104000006,Target working-age first,2855862789,3914172.4285160014
UMIC,0_0_0_0_1_1_1_1_1_1_1_1_1_0_0_0_0,1365161246.6799285,47.8020600968,Target working-age first,2855862789,4144275.5763238673
UMIC,0_0_0_1_1_1_1_1_1_1_1_1_1_0_0_0_0,1517732478.1821764,53.14444671599999,Target working-age first,2855862789,4733005.407378082
UMIC,0_0_0_1_1_1_1_1_1_1_1_1_1_1_0_0_0,1596068891.6980157,55.88745011999999,Target working-age first,2855862789,4942462.380739151
UMIC,0_0_1_1_1_1_1_1_1_1_1_1_1_1_0_0_0,1771158288.723058,62.018325794399985,Target working-age first,2855862789,6075396.857276838
UMIC,0_0_1_1_1_1_1_1_1_1_1_1_1_1_1_0_0,1827869953.5674913,64.00412374880001,Target working-age first,2855862789,6092200.753927315
UMIC,0_1_1_1_1_1_1_1_1_1_1_1_1_1_1_0_0,2013030595.0409327,70.48765097520001,Target working-age first,2855862789,6165425.647009831
UMIC,0_1_1_1_1_1_1_1_1_1_1_1_1_1_1_1_0,2053538927.075934,71.9060780856,Target working-age first,2855862789,6165853.455255625
UMIC,1_1_1_1_1_1_1_1_1_1_1_1_1_1_1_1_0,2236526941.2316704,78.313529272,Target working-age first,2855862789,6165980.826736014
UMIC,1_1_1_1_1_1_1_1_1_1_1_1_1_1_1_1_1,2284690231.245694,80.00000000160001,Target working-age first,2855862789,6167099.753776743
LMIC,0_0_0_0_0_0_0_0_0_0_0_0_1_0_0_0_0,70129487.9236933,2.4071658256,Target working-age first,2913363391,1169916.423560479
LMIC,0_0_0_0_0_0_0_0_0_0_0_1_1_0_0_0_0,152252374.30969608,5.22600012,Target working-age first,2913363391,1997650.7421031909
LMIC,0_0_0_0_0_0_0_0_0_0_1_1_1_0_0_0_0,248617883.14070216,8.5337065712,Target working-age first,2913363391,2725551.6719811508
LMIC,0_0_0_0_0_0_0_0_0_1_1_1_1_0_0_0_0,368886806.1053861,12.661887880000004,Target working-age first,2913363391,3267148.839731441
LMIC,0_0_0_0_0_0_0_0_1_1_1_1_1_0_0_0_0,517074182.1655623,17.7483586072,Target working-age first,2913363391,3699005.4352695444
LMIC,0_0_0_0_0_0_0_1_1_1_1_1_1_0_0_0_0,695236434.6249008,23.863704636800005,Target working-age first,2913363391,4273574.301861139
LMIC,0_0_0_0_0_0_1_1_1_1_1_1_1_0_0_0_0,888409697.6333137,30.494297428800003,Target working-age first,2913363391,4608724.712998387
LMIC,0_0_0_0_0_1_1_1_1_1_1_1_1_0_0_0_0,1092922666.2710288,37.514120952,Target working-age first,2913363391,4914885.410377151
LMIC,0_0_0_0_1_1_1_1_1_1_1_1_1_0_0_0_0,1298638880.0230424,44.57524536880001,Target working-age first,2913363391,5150775.2000923185
LMIC,0_0_0_1_1_1_1_1_1_1_1_1_1_0_0_0_0,1510797380.7029343,51.85749863439999,Target working-age first,2913363391,5748530.360567526
LMIC,0_0_0_1_1_1_1_1_1_1_1_1_1_1_0_0_0,1563367933.7753043,53.661961244,Target working-age first,2913363391,6002329.177719846
LMIC,0_0_1_1_1_1_1_1_1_1_1_1_1_1_0_0_0,1787530387.6834679,61.35624526639999,Target working-age first,2913363391,7151408.060962537
LMIC,0_0_1_1_1_1_1_1_1_1_1_1_1_1_1_0_0,1816876550.9167829,62.36354024800001,Target working-age first,2913363391,7170450.96943147
LMIC,0_1_1_1_1_1_1_1_1_1_1_1_1_1_1_0_0,2049153521.016113,70.33635170080001,Target working-age first,2913363391,7251451.794464122
LMIC,0_1_1_1_1_1_1_1_1_1_1_1_1_1_1_1_0,2072757883.0124722,71.1465617168,Target working-age first,2913363391,7251891.712336162
LMIC,1_1_1_1_1_1_1_1_1_1_1_1_1_1_1_1_0,2303887196.5092607,79.0799803288,Target working-age first,2913363391,7251800.2327256845
LMIC,1_1_1_1_1_1_1_1_1_1_1_1_1_1_1_1_1,2330690712.823307,80.00000000080001,Target working-age first,2913363391,7252707.4540856425
LIC,0_0_0_0_0_0_0_0_0_0_0_0_1_0_0_0_0,10167789.493820092,1.5290878248000002,Target working-age first,664957848,184084.80277520634
LIC,0_0_0_0_0_0_0_0_0_0_0_1_1_0_0_0_0,23256060.51434192,3.4973736432000004,Target working-age first,664957848,346546.10727444
LIC,0_0_0_0_0_0_0_0_0_0_1_1_1_0_0_0_0,39747887.526881196,5.9775048368000006,Target working-age first,664957848,479870.6877647185
LIC,0_0_0_0_0_0_0_0_0_1_1_1_1_0_0_0_0,60376181.27839074,9.0797005344,Target working-age first,664957848,594620.0697458256
LIC,0_0_0_0_0_0_0_0_1_1_1_1_1_0_0_0_0,85620519.86454284,12.8760823144,Target working-age first,664957848,710268.6077289985
LIC,0_0_0_0_0_0_0_1_1_1_1_1_1_0_0_0_0,115227609.05266154,17.328558404,Target working-age first,664957848,826845.1608848401
LIC,0_0_0_0_0_0_1_1_1_1_1_1_1_0_0_0_0,150378316.7373592,22.6147141792,Target working-age first,664957848,934964.647138248
LIC,0_0_0_0_0_1_1_1_1_1_1_1_1_0_0_0_0,193083743.4024022,29.036989936,Target working-age first,664957848,1033990.5688371168
LIC,0_0_0_0_1_1_1_1_1_1_1_1_1_0_0_0_0,244486892.47640973,36.7672767848,Target working-age first,664957848,1160414.0837892815
LIC,0_0_0_1_1_1_1_1_1_1_1_1_1_0_0_0_0,302352435.1356383,45.4694137448,Target working-age first,664957848,1498490.7559453151
LIC,0_0_0_1_1_1_1_1_1_1_1_1_1_1_0_0_0,309766511.9403593,46.584383186400004,Target working-age first,664957848,1614696.661596682
LIC,0_0_1_1_1_1_1_1_1_1_1_1_1_1_0_0_0,373753610.42679965,56.20711321040002,Target working-age first,664957848,1807343.727605875
LIC,0_0_1_1_1_1_1_1_1_1_1_1_1_1_1_0_0,378070696.99023175,56.85634031200001,Target working-age first,664957848,1807660.5135246625
LIC,0_1_1_1_1_1_1_1_1_1_1_1_1_1_1_0_0,448257500.820748,67.41141595200001,Target working-age first,664957848,1807771.5614852784
LIC,0_1_1_1_1_1_1_1_1_1_1_1_1_1_1_1_0,450853665.83955026,67.80184145440002,Target working-age first,664957848,1807872.9010613135
LIC,1_1_1_1_1_1_1_1_1_1_1_1_1_1_1_1_0,529798994.2021549,79.6740719424,Target working-age first,664957848,1807699.7460376946
LIC,1_1_1_1_1_1_1_1_1_1_1_1_1_1_1_1_1,531966278.3893607,79.9999999984,Target working-age first,664957848,1807904.1540801697
HIC,0_0_0_0_0_0_0_0_0_0_0_0_0_0_0_0_0,0,0,Optimal,1212261796,0
HIC,0_0_0_0_0_0_0_0_0_0_0_0_0_0_0_1_0,37769807.58939071,3.1156477679999997,Optimal,1212261796,489893.41814289946
HIC,0_0_0_0_0_0_0_0_0_0_0_0_0_0_0_0_1,47093652.28237152,3.8847757504000007,Optimal,1212261796,1222736.465274518
HIC,0_0_0_0_0_0_0_0_0_0_0_0_0_0_0_1_1,84863459.87176223,7.000423518399999,Optimal,1212261796,1618243.4224332161
HIC,0_0_0_0_0_0_0_0_0_0_0_0_0_0_1_0_1,108527795.00995767,8.9525047616,Optimal,1212261796,1761995.6082741292
HIC,0_0_0_0_0_0_0_0_0_0_1_0_0_0_0_1_1,139853277.43920812,11.536557359200001,Optimal,1212261796,1904375.998666688
HIC,0_0_0_0_0_0_0_0_0_0_0_0_0_1_0_1_1,145372905.6426486,11.991873877600002,Optimal,1212261796,1945075.2639437963
HIC,0_0_0_0_0_0_0_0_0_0_0_0_0_0_1_1_1,146297602.5993484,12.0681525296,Optimal,1212261796,2118173.398437558
HIC,0_0_1_0_0_0_0_0_0_0_0_0_0_0_1_1_1,191027896.36595708,15.757973813600001,Optimal,1212261796,2200066.289352183
HIC,0_0_0_1_0_0_0_0_0_0_0_0_0_0_1_1_1,191460593.05170107,15.793667150400001,Optimal,1212261796,2201484.1507487847
HIC,0_1_0_0_0_0_0_0_0_0_0_0_0_0_1_1_1,193362701.2964712,15.9505728824,Optimal,1212261796,2214479.839654264
HIC,0_0_0_0_0_0_0_0_0_0_1_0_0_0_1_1_1,201287420.1667943,16.604286370400004,Optimal,1212261796,2372010.593068513
HIC,0_0_0_0_0_0_0_0_0_0_0_0_0_1_1_1_1,206807048.3702348,17.0596028888,Optimal,1212261796,2401639.9685292672
HIC,0_0_0_0_0_0_0_0_0_0_0_1_0_0_1_1_1,208184209.88088122,17.1732055376,Optimal,1212261796,2418436.0981652066
HIC,0_0_0_0_0_0_0_0_0_0_0_0_1_0_1_1_1,212478230.22666293,17.5274211336,Optimal,1212261796,2487809.9615125395
HIC,0_0_0_0_0_0_0_0_0_0_1_0_0_1_1_1_1,261796865.93768063,21.595736729600002,Optimal,1212261796,2634163.9036200275
HIC,0_0_0_0_0_0_0_0_0_0_1_1_0_0_1_1_1,263174027.44832706,21.7093393784,Optimal,1212261796,2648109.520868852
HIC,0_0_0_0_0_0_0_0_0_0_0_1_0_1_1_1_1,268693655.6517676,22.1646558968,Optimal,1212261796,2664481.8437809097
HIC,0_0_0_0_0_0_0_0_0_0_0_0_1_1_1_1_1,272987675.9975493,22.5188714928,Optimal,1212261796,2723713.682490547
HIC,0_0_0_0_0_0_0_0_0_0_0_1_1_0_1_1_1,274364837.50819576,22.6324741416,Optimal,1212261796,2733933.0494308276
HIC,1_1_1_1_1_0_0_1_0_0_0_0_0_0_0_0_0,310805805.0500894,25.638505319199993,Optimal,1212261796,3215385.2462358195
HIC,1_1_1_1_0_0_0_1_1_0_0_0_0_0_0_0_0,324210616.3874477,26.744274005599998,Optimal,1212261796,3660377.6997166746
HIC,1_1_1_1_0_0_1_1_0_0_0_0_0_0_0_0_0,328107082.9253677,27.065695216,Optimal,1212261796,3800092.568872189
HIC,1_1_1_1_1_0_0_1_1_0_0_0_0_0_0_0_0,379231183.9742528,31.282944428800004,Optimal,1212261796,3893674.8153809234
HIC,1_1_1_1_1_0_1_1_0_0_0_0_0_0_0_0_0,383127650.5121728,31.6043656392,Optimal,1212261796,3906411.3227144177
HIC,1_1_1_1_0_0_1_1_1_0_0_0_0_0_0_0_0,396532461.8495311,32.7101343256,Optimal,1212261796,3914209.560395727
HIC,1_1_1_1_0_0_0_1_1_1_1_0_0_0_0_0_0,441344023.5230609,36.4066594344,Optimal,1212261796,3917338.8929959214
HIC,1_1_1_1_1_0_1_1_1_0_0_0_0_0_0_0_0,451553029.43633616,37.248804748800005,Optimal,1212261796,3918207.842251294
HIC,1_1_1_1_0_0_1_1_1_1_0_0_0_0_0_0_0,458676051.4176984,37.836385913600004,Optimal,1212261796,3919015.451059789
HIC,1_1_1_1_1_0_0_1_1_1_1_0_0_0_0_0_0,496364591.1098661,40.94532985760001,Optimal,1212261796,3919178.86394989
HIC,1_1_1_1_1_1_1_1_0_1_0_0_0_0_0_0_0,511519957.02930874,42.19550254880001,Optimal,1212261796,3919206.01861412
HIC,1_1_1_1_0_0_1_1_1_1_1_0_0_0_0_0_0,513665868.9851444,42.37251975440001,Optimal,1212261796,3919987.2001154623
HIC,0_1_1_1_1_1_1_1_1_0_0_0_0_0_0_1_1,555059785.8258389,45.78712186240001,Optimal,1212261796,3920188.920478317
HIC,1_1_1_1_1_0_1_1_1_1_1_0_0_0_0_0_0,568686436.5719494,46.9111901776,Optimal,1212261796,3920196.194049093
HIC,1_1_1_1_0_0_1_1_1_1_1_1_0_0_0_0_0,575552476.2666771,47.47757276240001,Optimal,1212261796,3920356.6975108837
HIC,0_1_1_1_1_1_1_1_1_1_0_0_0_0_0_0_1,579433567.8046155,47.7977256824,Optimal,1212261796,3920523.0198292946
HIC,0_1_1_1_1_1_1_1_1_0_0_0_0_0_1_1_1,616493928.5534251,50.8548508736,Optimal,1212261796,3920611.272488044
HIC,0_1_1_1_1_1_1_1_1_1_0_0_0_0_0_1_1,617203375.3940063,50.9133734504,Optimal,1212261796,3920711.8902171114
HIC,0_1_1_1_1_1_1_1_1_1_1_0_0_0_0_0_1,634423385.3720615,52.33385952320001,Optimal,1212261796,3920754.56183233
HIC,1_1_1_1_1_1_1_1_1_1_0_0_0_0_0_1_1,664808795.8252343,54.8403651768,Optimal,1212261796,3920774.9278305033
HIC,0_1_1_1_1_1_1_1_1_1_1_0_0_0_0_1_1,672193192.961452,55.44950729119999,Optimal,1212261796,3920905.6096521122
HIC,0_1_1_1_1_1_1_1_1_1_0_0_0_0_1_1_1,678637518.1215924,55.98110246160001,Optimal,1212261796,3920972.284050892
HIC,1_1_1_1_1_1_1_1_1_1_0_0_0_0_1_1_1,726242938.5528203,59.90809418799999,Optimal,1212261796,3921009.621714209
HIC,0_1_1_1_0_0_0_1_1_1_1_1_1_1_1_1_1,728612886.3709149,60.103592208799995,Optimal,1212261796,3921134.484679197
HIC,1_1_1_1_0_0_0_1_1_1_1_1_1_1_1_1_1,776218306.8021431,64.0305839352,Optimal,1212261796,3921256.195763515
HIC,0_1_1_1_1_0_0_1_1_1_1_1_1_1_1_1_1,783633453.95772,64.642262632,Optimal,1212261796,3921302.0192594044
HIC,0_1_1_1_0_0_1_1_1_1_1_1_1_1_1_1_1,800934731.8329983,66.0694525288,Optimal,1212261796,3921457.431221652
HIC,1_1_1_1_1_1_1_1_1_1_1_1_1_0_0_0_1,810096040.7121369,66.82517286160001,Optimal,1212261796,3921082.1149696093
HIC,0_1_1_1_1_1_1_1_1_1_1_1_1_1_0_0_1,823000066.051795,67.88963149439999,Optimal,1212261796,3921152.183701419
HIC,1_1_1_1_1_1_1_1_1_1_1_1_1_1_0_0_1,870605486.4830232,71.8166232208,Optimal,1212261796,3921130.847893809
HIC,0_1_1_1_1_1_1_1_1_1_1_1_1_1_1_0_1,884434208.7793813,72.9573605056,Optimal,1212261796,3921292.5636173952
HIC,1_1_1_1_1_1_1_1_1_1_1_1_1_1_1_0_1,932039629.2106094,76.88435223200001,Optimal,1212261796,3921265.1665008063
HIC,1_1_1_1_1_1_1_1_1_1_1_1_1_0_0_1_1,847865848.3015275,69.9408206296,Optimal,1212261796,3921195.5826737154
HIC,0_1_1_1_1_1_1_1_1_1_1_1_1_1_0_1_1,860769873.6411858,71.0052792624,Optimal,1212261796,3921265.6514055245
HIC,1_1_1_1_1_1_1_1_1_1_1_1_1_1_0_1_1,908375294.0724139,74.93227098880001,Optimal,1212261796,3921239.46655073
HIC,1_1_1_1_1_1_1_1_1_1_1_1_0_0_1_1_1,843119363.4017992,69.54928103680001,Optimal,1212261796,3921243.8306931965
HIC,0_1_1_1_1_1_1_1_1_1_1_1_1_0_1_1_1,861694570.5978857,71.08155791440001,Optimal,1212261796,3921355.8436831464
HIC,1_1_1_1_1_1_1_1_1_1_1_1_1_0_1_1_1,909299991.0291137,75.0085496408,Optimal,1212261796,3921331.840899586
HIC,1_1_1_1_1_1_1_1_1_1_1_0_0_1_1_1_1,841742201.8911526,69.435678388,Optimal,1212261796,3921209.6449105493
HIC,0_1_1_1_1_1_1_1_1_1_1_1_0_1_1_1_1,856023388.7414575,70.61373966960001,Optimal,1212261796,3921313.414520287
HIC,1_1_1_1_1_1_1_1_1_1_1_1_0_1_1_1_1,903628809.1726855,74.540731396,Optimal,1212261796,3921295.230593347
HIC,0_1_1_1_1_1_1_1_1_1_0_0_1_1_1_1_1,805327591.5197934,66.4318214248,Optimal,1212261796,3921272.440071582
HIC,1_1_1_1_1_1_1_1_1_1_0_0_1_1_1_1_1,852933011.9510214,70.35881315120001,Optimal,1212261796,3921258.135382389
HIC,0_1_1_1_1_1_1_1_1_1_1_0_1_1_1_1_1,860317409.0872391,70.9679552656,Optimal,1212261796,3921343.236160469
HIC,1_1_1_1_1_1_1_1_1_1_1_0_1_1_1_1_1,907922829.5184672,74.894946992,Optimal,1212261796,3921319.9607339846
HIC,0_1_1_1_1_1_1_1_1_0_0_1_1_1_1_1_1,805070609.2331588,66.4106228448,Optimal,1212261796,3921244.315597914
HIC,1_1_1_1_1_1_1_1_1_0_0_1_1_1_1_1_1,852676029.6643869,70.3376145712,Optimal,1212261796,3921228.0712898485
HIC,0_1_1_1_1_1_1_1_1_1_0_1_1_1_1_1_1,867214198.8013263,71.53687443280002,Optimal,1212261796,3921354.1465166323
HIC,1_1_1_1_1_1_1_1_1_1_0_1_1_1_1_1_1,914819619.2325541,75.4638661592,Optimal,1212261796,3921327.234304761
HIC,1_1_1_1_1_1_1_1_0_0_1_1_1_1_1_1_1,839240468.3076694,69.22930930240001,Optimal,1212261796,3921180.7930798046
HIC,0_1_1_1_1_1_1_1_1_0_1_1_1_1_1_1_1,860060426.8006047,70.94675668560001,Optimal,1212261796,3921333.295613741
HIC,1_1_1_1_1_1_1_1_1_0_1_1_1_1_1_1_1,907665847.2318327,74.87374841200001,Optimal,1212261796,3921306.1409495105
HIC,0_1_1_1_1_1_1_1_0_1_1_1_1_1_1_1_1,853778637.4446086,70.428569164,Optimal,1212261796,3921298.8673787345
HIC,1_1_1_1_1_1_1_1_0_1_1_1_1_1_1_1_1,901384057.8758368,74.35556089040001,Optimal,1212261796,3921318.2635674705
HIC,0_1_1_1_1_1_1_0_1_1_1_1_1_1_1_1_1,850982582.2527999,70.1979213616,Optimal,1212261796,3921273.1674286597
HIC,1_1_1_1_1_1_1_0_1_1_1_1_1_1_1_1_1,898588002.6840279,74.124913088,Optimal,1212261796,3921281.6532612317
HIC,1_1_1_1_1_0_0_1_1_1_1_1_1_1_1_1_1,831238874.3889482,68.56925435840002,Optimal,1212261796,3921333.0531613817
HIC,0_1_1_1_1_1_0_1_1_1_1_1_1_1_1_1_1,849882170.9066887,70.1071479536,Optimal,1212261796,3921318.990924549
HIC,1_1_1_1_1_1_0_1_1_1_1_1_1_1_1_1_1,897487591.3379166,74.03413968,Optimal,1212261796,3921321.172995781
HIC,0_1_1_1_0_0_1_1_1_1_1_1_1_1_1_1_1,800934731.8329983,66.0694525288,Optimal,1212261796,3921457.431221652
HIC,1_1_1_1_0_0_1_1_1_1_1_1_1_1_1_1_1,848540152.2642264,69.9964442552,Optimal,1212261796,3921434.1557951686
HIC,0_1_1_1_1_0_1_1_1_1_1_1_1_1_1_1_1,855955299.4198034,70.608122952,Optimal,1212261796,3921443.611437177
HIC,1_1_1_1_1_0_1_1_1_1_1_1_1_1_1_1_1,903560719.8510315,74.5351146784,Optimal,1212261796,3921415.0020587915
HIC,0_1_1_1_0_1_1_1_1_1_1_1_1_1_1_1_1,867183448.781967,71.53433785040002,Optimal,1212261796,3921422.5180819267
HIC,1_1_1_1_0_1_1_1_1_1_1_1_1_1_1_1_1,914788869.2131948,75.4613295768,Optimal,1212261796,3921393.4237988223
HIC,0_1_1_1_1_1_1_1_1_1_1_1_1_1_1_1_1,922204016.368772,76.07300827360001,Optimal,1212261796,3921397.545488929
HIC,1_1_1_1_1_1_1_1_1_1_1_1_1_1_1_1_1,969809436.8000001,80,Optimal,1212261796,3921365.541777515
UMIC,0_0_0_0_0_0_0_0_0_0_0_0_0_0_0_0_0,0,0,Optimal,2855862789,0
UMIC,0_0_0_0_0_0_0_0_0_0_0_0_0_0_0_1_0,40508332.035001546,1.4184271104,Optimal,2855862789,623563.9318367625
UMIC,0_0_0_0_0_0_0_0_0_0_0_0_0_0_0_0_1,48163290.014023215,1.6864707296,Optimal,2855862789,1694302.2862104925
UMIC,0_0_0_0_0_0_0_0_0_0_0_0_0_0_0_1_1,88671622.04902476,3.10489784,Optimal,2855862789,2296987.576369434
UMIC,0_0_0_0_0_0_0_0_0_0_0_0_0_0_1_1_1,145383286.89345756,5.0906957944,Optimal,2855862789,2877621.6075893915
UMIC,0_0_0_0_0_0_0_0_0_0_0_0_1_0_0_1_1,204775202.2692072,7.170344564800001,Optimal,2855862789,2896659.360113423
UMIC,0_0_0_0_0_0_0_0_0_0_0_0_0_1_1_1_1,223719700.4092969,7.8336991984,Optimal,2855862789,3414777.4125370537
UMIC,0_0_0_0_0_0_0_0_0_0_0_0_1_0_1_1_1,261486867.11363998,9.1561425192,Optimal,2855862789,3438316.0048165503
UMIC,0_0_0_0_0_0_0_0_0_0_0_0_1_1_1_1_1,339823280.62947935,11.8991459232,Optimal,2855862789,3936634.931696602
UMIC,0_0_0_0_0_0_0_0_0_0_1_0_1_1_1_1_1,459967541.57975096,16.1060798632,Optimal,2855862789,4272062.870335346
UMIC,0_0_0_0_0_0_0_0_0_0_0_1_1_1_1_1_1,466282374.2931141,16.3271980744,Optimal,2855862789,4284055.7805314725
UMIC,0_1_1_1_0_0_0_0_0_0_0_0_0_0_0_0_0,512821270.00073177,17.95678952,Optimal,2855862789,4441233.900849665
UMIC,0_1_1_1_0_0_0_0_0_0_0_0_0_0_0_0_1,560984560.0147549,19.6432602496,Optimal,2855862789,5195603.202493322
UMIC,0_1_1_1_0_0_0_0_0_0_0_0_0_0_0_1_1,601492892.0497564,21.061687359999997,Optimal,2855862789,5496411.80123125
UMIC,0_1_1_1_0_0_0_0_0_0_0_0_0_0_1_1_1,658204556.8941894,23.047485314400003,Optimal,2855862789,5784114.274457899
UMIC,0_1_1_1_1_0_0_0_0_0_0_0_0_0_0_0_0,689453841.5768775,24.141700512800004,Optimal,2855862789,5889028.963392276
UMIC,1_1_1_1_0_0_0_0_0_0_0_0_0_0_0_0_0,695809284.1564684,24.3642407064,Optimal,2855862789,6074000.911545576
UMIC,1_1_1_1_0_0_0_0_0_0_0_0_0_0_0_1_0,736317616.1914699,25.782667816799997,Optimal,2855862789,6101787.885309987
UMIC,1_1_1_1_0_0_0_0_0_0_0_0_0_0_0_0_1,743972574.1704917,26.050711436000007,Optimal,2855862789,6118666.605565535
UMIC,1_1_1_1_0_0_0_0_0_0_0_0_0_1_0_0_0,774145697.6723078,27.107244110400007,Optimal,2855862789,6118962.472950475
UMIC,1_1_1_1_0_0_0_0_0_0_0_0_0_0_0_1_1,784480906.2054932,27.4691385464,Optimal,2855862789,6134388.13021898
UMIC,1_1_1_1_0_0_0_0_0_0_1_0_0_0_0_0_0,815953545.10674,28.571174646400006,Optimal,2855862789,6144475.037589728
UMIC,1_1_1_1_0_0_0_0_0_1_0_0_0_0_0_0_0,823933381.947043,28.850594122400008,Optimal,2855862789,6145018.793864753
UMIC,1_1_1_1_0_0_0_0_0_0_0_0_0_0_1_1_1,841192571.0499259,29.4549365008,Optimal,2855862789,6148303.607244662
UMIC,1_1_1_1_0_0_0_1_0_0_0_0_0_0_0_0_0,875812473.8298739,30.667176210399997,Optimal,2855862789,6153328.7834081855
UMIC,1_1_1_1_0_0_0_0_0_0_0_0_0_1_1_1_1,919528984.5657653,32.1979399048,Optimal,2855862789,6157382.96622345
UMIC,1_1_1_1_0_0_0_0_0_1_1_0_0_0_0_0_0,944077642.8973143,33.057528062399996,Optimal,2855862789,6158047.239908172
UMIC,1_1_1_1_1_0_0_0_0_0_0_0_0_0_0_1_1,961113477.7816387,33.654049539199995,Optimal,2855862789,6159346.6574771665
UMIC,1_1_1_1_0_0_0_1_1_0_0_0_0_0_0_0_0,1009033108.6211426,35.331988375200005,Optimal,2855862789,6159459.749643611
UMIC,1_1_1_1_1_0_0_0_0_0_0_0_0_0_1_1_1,1017825142.6260718,35.63984749360001,Optimal,2855862789,6162122.556108074
UMIC,1_1_1_1_0_0_0_0_0_0_0_0_1_1_1_1_1,1035632564.7859477,36.26338662960001,Optimal,2855862789,6163239.198458573
UMIC,1_1_1_1_1_0_0_0_0_0_0_0_0_1_1_1_1,1096161556.1419108,38.382850897599994,Optimal,2855862789,6164218.759395201
UMIC,1_1_1_1_0_0_0_0_0_0_0_1_1_1_1_1_1,1162091658.4495826,40.691438780800006,Optimal,2855862789,6164998.981109155
UMIC,1_1_1_1_1_0_0_0_0_0_0_0_1_1_1_1_1,1212265136.3620934,42.448297622400005,Optimal,2855862789,6165754.642403125
UMIC,0_1_1_1_0_0_0_0_0_1_1_1_1_1_1_1_1,1227372003.0346918,42.9772749504,Optimal,2855862789,6165759.211783588
UMIC,0_1_1_1_1_0_0_0_0_0_1_1_1_1_1_1_1,1275880476.820263,44.675832527199994,Optimal,2855862789,6165775.204615206
UMIC,1_1_1_1_0_0_0_0_0_0_1_1_1_1_1_1_1,1282235919.3998542,44.898372720800005,Optimal,2855862789,6166560.56688218
UMIC,0_1_1_1_0_0_0_0_1_1_1_1_1_1_1_1_1,1360592637.8259606,47.64208711520001,Optimal,2855862789,6166768.47369322
UMIC,1_1_1_1_0_0_0_0_0_1_1_1_1_1_1_1_1,1410360017.1904287,49.38472613680001,Optimal,2855862789,6167184.287315299
UMIC,0_1_1_1_0_0_0_1_1_1_1_1_1_1_1_1_1,1540595827.4993658,53.94502261919999,Optimal,2855862789,6167369.918396583
UMIC,1_1_1_1_0_0_0_0_1_1_1_1_1_1_1_1_1,1543580651.981697,54.04953830160001,Optimal,2855862789,6167377.914812393
UMIC,0_1_1_1_1_0_0_1_1_1_1_1_1_1_1_1_1,1717228399.075512,60.12993361200001,Optimal,2855862789,6167379.057157507
UMIC,1_1_1_1_0_0_0_1_1_1_1_1_1_1_1_1_1,1723583841.655103,60.35247380560001,Optimal,2855862789,6167532.702575556
UMIC,0_1_1_1_1_1_1_1_1_1_1_0_1_1_1_1_1,1975243123.4263222,69.164496664,Optimal,2855862789,6167040.351830733
UMIC,1_1_1_1_1_1_1_1_1_1_1_0_1_1_1_1_1,2158231137.5820594,75.57194785040001,Optimal,2855862789,6167015.791410748
UMIC,1_1_1_1_1_1_1_1_1_0_0_1_1_1_1_1_1,2036421872.5048478,71.3067126456,Optimal,2855862789,6166946.108358695
UMIC,0_1_1_1_1_1_1_1_1_1_0_1_1_1_1_1_1,1981557956.1396856,69.38561487519999,Optimal,2855862789,6167026.072516788
UMIC,1_1_1_1_1_1_1_1_1_1_0_1_1_1_1_1_1,2164545970.295422,75.79306606159999,Optimal,2855862789,6167007.22382238
UMIC,1_1_1_1_1_1_1_0_0_0_1_1_1_1_1_1_1,1843342308.9904454,64.5458989168,Optimal,2855862789,6166963.814707987
UMIC,0_1_1_1_1_1_1_1_0_0_1_1_1_1_1_1_1,1840357484.5081139,64.44138323439998,Optimal,2855862789,6167047.205901426
UMIC,1_1_1_1_1_1_1_1_0_0_1_1_1_1_1_1_1,2023345498.6638508,70.8488344208,Optimal,2855862789,6167069.48163118
UMIC,0_1_1_1_1_1_1_1_1_0_1_1_1_1_1_1_1,1973578119.299383,69.1061953992,Optimal,2855862789,6167095.75556884
UMIC,1_1_1_1_1_1_1_1_1_0_1_1_1_1_1_1_1,2156566133.4551196,75.5136465856,Optimal,2855862789,6167065.483423276
UMIC,1_1_1_1_1_1_0_0_0_1_1_1_1_1_1_1_1,1781716851.4976494,62.38804113280001,Optimal,2855862789,6167214.559460862
UMIC,0_1_1_1_1_1_1_0_0_1_1_1_1_1_1_1_1,1788478392.6252832,62.62480114640001,Optimal,2855862789,6167027.78603446
UMIC,1_1_1_1_1_1_1_0_0_1_1_1_1_1_1_1_1,1971466406.7810197,69.0322523328,Optimal,2855862789,6167091.757360935
UMIC,0_1_1_1_1_1_1_1_0_1_1_1_1_1_1_1_1,1968481582.2986887,68.92773665039999,Optimal,2855862789,6167158.0133776385
UMIC,1_1_1_1_1_1_1_1_0_1_1_1_1_1_1_1_1,2151469596.4544253,75.3351878368,Optimal,2855862789,6167126.59888696
UMIC,0_1_1_1_1_1_0_0_1_1_1_1_1_1_1_1_1,1731949472.133181,60.6454021112,Optimal,2855862789,6167181.431452509
UMIC,1_1_1_1_1_1_0_0_1_1_1_1_1_1_1_1_1,1914937486.2889175,67.0528532976,Optimal,2855862789,6167244.260433868
UMIC,0_1_1_1_1_1_1_0_1_1_1_1_1_1_1_1_1,1921699027.4165516,67.2896133112,Optimal,2855862789,6167103.180812091
UMIC,1_1_1_1_1_1_1_0_1_1_1_1_1_1_1_1_1,2104687041.5722885,73.69706449760001,Optimal,2855862789,6167098.6114316285
UMIC,1_1_1_1_0_0_0_1_1_1_1_1_1_1_1_1_1,1723583841.655103,60.35247380560001,Optimal,2855862789,6167532.702575556
UMIC,1_1_1_1_1_0_0_1_1_1_1_1_1_1_1_1_1,1900216413.2312486,66.53738479840001,Optimal,2855862789,6167414.469856092
UMIC,0_1_1_1_1_1_0_1_1_1_1_1_1_1_1_1_1,1911952661.806587,66.9483376152,Optimal,2855862789,6167305.375897552
UMIC,1_1_1_1_1_1_0_1_1_1_1_1_1_1_1_1_1,2094940675.9623234,73.3557888016,Optimal,2855862789,6167271.105544083
UMIC,0_1_1_1_0_0_1_1_1_1_1_1_1_1_1_1_1,1730345382.7827363,60.5892338192,Optimal,2855862789,6167378.48598495
UMIC,1_1_1_1_0_0_1_1_1_1_1_1_1_1_1_1_1,1913333396.9384727,66.99668500559999,Optimal,2855862789,6167415.612201207
UMIC,0_1_1_1_1_0_1_1_1_1_1_1_1_1_1_1_1,1906977954.358882,66.774144812,Optimal,2855862789,6167296.237136627
UMIC,1_1_1_1_1_0_1_1_1_1_1_1_1_1_1_1_1,2089965968.5146184,73.1815959984,Optimal,2855862789,6167269.39202641
UMIC,0_1_1_1_0_1_1_1_1_1_1_1_1_1_1_1_1,1925069645.5138116,67.4076378224,Optimal,2855862789,6167295.094791511
UMIC,1_1_1_1_0_1_1_1_1_1_1_1_1_1_1_1_1,2108057659.669548,73.8150890088,Optimal,2855862789,6167264.822645947
UMIC,0_1_1_1_1_1_1_1_1_1_1_1_1_1_1_1_1,2101702217.0899572,73.5925488152,Optimal,2855862789,6167164.296275775
UMIC,1_1_1_1_1_1_1_1_1_1_1_1_1_1_1_1_1,2284690231.245694,80.00000000160001,Optimal,2855862789,6167099.753776743
LMIC,0_0_0_0_0_0_0_0_0_0_0_0_0_0_0_0_0,0,0,Optimal,2913363391,0
LMIC,0_0_0_0_0_0_0_0_0_0_0_0_0_0_0_1_0,23604361.996359244,0.8102100160000001,Optimal,2913363391,785480.6439376826
LMIC,0_0_0_0_0_0_0_0_0_0_0_0_0_0_0_0_1,26803516.31404628,0.920019672,Optimal,2913363391,1609597.7304941297
LMIC,0_0_0_0_0_0_0_0_0_0_0_0_0_0_0_1_1,50407878.31040552,1.730229688,Optimal,2913363391,2254730.0064337784
LMIC,0_0_0_0_0_0_0_0_0_0_0_0_0_0_1_0_1,56149679.54736087,1.9273146536000003,Optimal,2913363391,2275516.8542285636
LMIC,0_0_0_0_0_0_0_0_0_0_0_0_0_1_0_0_1,79374069.38641591,2.7244822815999994,Optimal,2913363391,2427410.298672452
LMIC,0_0_0_0_0_0_0_0_0_0_0_0_0_0_1_1_1,79754041.5437201,2.7375246695999995,Optimal,2913363391,2779189.022700173
LMIC,0_0_0_0_0_0_0_0_0_0_0_0_0_1_0_1_1,102978431.38277519,3.5346922976000004,Optimal,2913363391,2921084.3866588282
LMIC,0_0_0_0_0_0_0_0_0_0_0_0_0_1_1_0_1,108720232.61973053,3.7317772632000006,Optimal,2913363391,2942521.497162484
LMIC,0_0_0_0_0_0_0_0_0_0_0_0_1_0_0_1_1,120537366.23409885,4.1373955136000005,Optimal,2913363391,3010345.179577642
LMIC,0_0_0_0_0_0_0_0_0_0_0_0_0_1_1_1_1,132324594.61608976,4.5419872792,Optimal,2913363391,3430138.1199862924
LMIC,0_0_0_0_0_0_0_0_0_0_0_0_1_0_1_1_1,149883529.4674134,5.144690495199999,Optimal,2913363391,3505173.5421395325
LMIC,0_0_0_0_0_0_0_0_0_0_0_0_1_1_0_1_1,173107919.3064685,5.9418581232,Optimal,2913363391,3640260.3758534202
LMIC,0_0_0_0_0_0_0_0_0_0_0_0_1_1_1_0_1,178849720.5434238,6.1389430888,Optimal,2913363391,3655129.599928406
LMIC,0_0_0_0_0_0_0_0_0_0_0_0_1_1_1_1_1,202454082.53978306,6.949153104800001,Optimal,2913363391,4118951.6185925617
LMIC,0_0_0_0_0_0_0_0_0_0_0_1_1_1_0_1_1,255230805.69247124,8.7606924176,Optimal,2913363391,4180682.8754844596
LMIC,0_0_0_0_0_0_0_0_0_0_0_1_1_1_1_1_1,284576968.92578584,9.7679873992,Optimal,2913363391,4606467.43904304
LMIC,0_0_0_0_0_0_0_0_0_0_1_0_1_1_1_1_1,298819591.3707892,10.256859556,Optimal,2913363391,4633712.048130317
LMIC,0_0_0_0_0_0_0_0_0_0_1_1_1_1_0_1_1,351596314.5234773,12.0683988688,Optimal,2913363391,4698993.529650488
LMIC,0_0_0_0_0_0_0_0_0_0_1_1_1_1_1_1_1,380942477.75679195,13.075693850400002,Optimal,2913363391,5091493.499139572
LMIC,0_0_0_0_0_0_0_0_0_1_1_1_1_1_0_1_1,471865237.4881612,16.1965801776,Optimal,2913363391,5098149.369142652
LMIC,0_0_0_0_0_0_0_0_0_1_1_1_1_1_1_1_1,501211400.7214757,17.2038751592,Optimal,2913363391,5461173.093186953
LMIC,0_0_1_0_0_0_0_0_0_0_1_1_1_1_1_1_1,605104931.6649557,20.7699778728,Optimal,2913363391,5491132.956954641
LMIC,0_0_0_0_0_0_0_0_1_1_1_1_1_1_1_1_1,649398776.781652,22.290345886399997,Optimal,2913363391,5729790.441891256
LMIC,0_0_0_0_0_0_0_1_0_1_1_1_1_1_1_1_1,679373653.1808143,23.3192211888,Optimal,2913363391,5780040.716331903
LMIC,0_1_1_1_0_0_0_0_0_0_0_0_0_0_0_0_1,695401441.001433,23.8693684128,Optimal,2913363391,6265985.0685692765
LMIC,0_1_1_1_0_0_0_0_0_0_0_0_0_0_0_1_1,719005802.9977922,24.6795784288,Optimal,2913363391,6542851.8970515365
LMIC,0_1_1_1_0_0_0_0_0_0_0_0_0_0_1_1_1,748351966.2311069,25.6868734104,Optimal,2913363391,6830713.758971431
LMIC,0_1_1_1_0_0_0_0_0_0_0_0_0_1_1_1_1,800922519.3034765,27.491336020000002,Optimal,2913363391,7054154.164244176
LMIC,0_1_1_1_0_0_0_0_0_0_0_0_1_1_1_1_1,871052007.2271696,29.898501845599995,Optimal,2913363391,7190931.9140702
LMIC,1_1_1_1_0_0_0_0_0_0_0_0_0_0_0_0_1,926530754.4982214,31.802787024800004,Optimal,2913363391,7191581.594106392
LMIC,1_1_1_1_0_0_0_0_0_0_0_0_0_0_0_1_1,950135116.4945807,32.61299704080001,Optimal,2913363391,7208917.271628199
LMIC,0_1_1_1_0_0_0_0_0_0_0_1_1_1_1_1_1,953174893.6131725,32.71733614,Optimal,2913363391,7224889.495083017
LMIC,1_1_1_1_0_0_0_0_0_0_0_0_0_0_1_1_1,979481279.7278953,33.62029202240001,Optimal,2913363391,7225550.828572774
LMIC,1_1_1_1_0_0_0_0_0_0_1_0_0_0_0_0_0,996092747.0151811,34.190473804,Optimal,2913363391,7227748.669914945
LMIC,0_1_1_1_1_0_0_0_0_0_0_0_0_1_1_1_1,1006638733.05549,34.552460436800004,Optimal,2913363391,7228349.405446169
LMIC,1_1_1_1_0_0_0_0_0_0_0_0_1_1_0_0_0,1022427279.180238,35.094395788,Optimal,2913363391,7230902.677122042
LMIC,1_1_1_1_0_0_0_0_0_0_0_0_0_1_1_1_1,1032051832.800265,35.424754632,Optimal,2913363391,7237809.679049425
LMIC,0_1_1_1_0_0_0_0_0_0_1_1_1_1_1_1_1,1049540402.4441788,36.025042591200005,Optimal,2913363391,7246468.777720155
LMIC,0_1_1_1_1_0_0_0_0_0_0_1_1_1_1_1_1,1158891107.3651862,39.77846055680001,Optimal,2913363391,7247258.299199116
LMIC,0_1_1_1_0_0_0_0_0_1_1_1_1_1_1_1_1,1169809325.4088626,40.15322390000001,Optimal,2913363391,7251215.81202945
LMIC,1_1_1_1_0_0_0_0_0_0_1_1_1_1_1_1_1,1280669715.9409668,43.9584612032,Optimal,2913363391,7251637.667048465
LMIC,0_1_1_1_0_0_0_0_1_1_1_1_1_1_1_1_1,1317996701.4690387,45.2396946272,Optimal,2913363391,7252459.818197406
LMIC,1_1_1_1_0_0_0_0_0_1_1_1_1_1_1_1_1,1400938638.9056509,48.086642512000005,Optimal,2913363391,7252695.217959399
LMIC,0_1_1_1_0_0_0_1_1_1_1_1_1_1_1_1_1,1496158953.9283772,51.3550406568,Optimal,2913363391,7253228.946132631
LMIC,0_1_1_1_0_0_1_1_1_1_1_1_1_1_1_1_1,1689332216.9367902,57.98563344880001,Optimal,2913363391,7253252.253039759
LMIC,1_1_1_1_0_0_0_1_1_1_1_1_1_1_1_1_1,1727288267.4251657,59.28845926880001,Optimal,2913363391,7253272.646583497
LMIC,0_1_1_1_1_1_1_1_1_1_1_0_1_1_1_1_1,2017438512.9405155,69.2477470944,Optimal,2913363391,7252561.203243413
LMIC,0_1_1_1_1_1_1_1_0_0_1_1_1_1_1_1_1,1831105100.3016586,62.851929352800006,Optimal,2913363391,7252583.927477864
LMIC,0_1_1_1_1_1_1_1_1_0_1_1_1_1_1_1_1,1979292476.3618348,67.93840008000001,Optimal,2913363391,7252694.635286721
LMIC,1_1_1_1_1_1_0_0_0_1_1_1_1_1_1_1_1,1811167821.2953794,62.167590452,Optimal,2913363391,7252724.351593309
LMIC,0_1_1_1_1_1_1_0_0_1_1_1_1_1_1_1_1,1773211770.807004,60.864764632,Optimal,2913363391,7252663.170962099
LMIC,1_1_1_1_1_1_1_0_0_1_1_1_1_1_1_1_1,2004341084.303792,68.79818324399999,Optimal,2913363391,7252602.573003566
LMIC,0_1_1_1_1_1_1_1_0_1_1_1_1_1_1_1_1,1951374023.2663422,66.9801106616,Optimal,2913363391,7252874.681144286
LMIC,1_1_1_1_1_1_1_1_0_1_1_1_1_1_1_1_1,2182503336.7631307,74.9135292736,Optimal,2913363391,7252703.375376894
LMIC,1_1_1_1_1_0_0_0_1_1_1_1_1_1_1_1_1,1754842228.7178407,60.234237656,Optimal,2913363391,7252930.035048715
LMIC,0_1_1_1_1_1_0_0_1_1_1_1_1_1_1_1_1,1728225883.8587675,59.3206425672,Optimal,2913363391,7252881.090543745
LMIC,1_1_1_1_1_1_0_0_1_1_1_1_1_1_1_1_1,1959355197.3555558,67.2540611792,Optimal,2913363391,7252814.665858431
LMIC,0_1_1_1_1_1_1_0_1_1_1_1_1_1_1_1_1,1921399146.8671799,65.95123535919998,Optimal,2913363391,7252803.0124048665
LMIC,1_1_1_1_1_1_1_0_1_1_1_1_1_1_1_1_1,2152528460.363969,73.88465397120001,Optimal,2913363391,7252657.344235316
LMIC,1_1_1_1_0_0_0_1_1_1_1_1_1_1_1_1_1,1727288267.4251657,59.28845926880001,Optimal,2913363391,7253272.646583497
LMIC,1_1_1_1_1_0_0_1_1_1_1_1_1_1_1_1_1,1933004481.177179,66.34958368560001,Optimal,2913363391,7253087.939344506
LMIC,0_1_1_1_1_1_0_1_1_1_1_1_1_1_1_1_1,1906388136.3181057,65.4359885968,Optimal,2913363391,7253080.36459969
LMIC,1_1_1_1_1_1_0_1_1_1_1_1_1_1_1_1_1,2137517449.8148942,73.3694072088,Optimal,2913363391,7252903.232105517
LMIC,1_1_1_1_0_0_1_1_1_1_1_1_1_1_1_1_1,1920461530.4335785,65.91905206080001,Optimal,2913363391,7253152.033339108
LMIC,0_1_1_1_1_0_1_1_1_1_1_1_1_1_1_1_1,1895048430.6888037,65.04675786560001,Optimal,2913363391,7253100.175470749
LMIC,1_1_1_1_1_0_1_1_1_1_1_1_1_1_1_1_1,2126177744.185592,72.98017647760001,Optimal,2913363391,7252928.287030679
LMIC,0_1_1_1_0_1_1_1_1_1_1_1_1_1_1_1_1,1893845185.5745053,65.005456972,Optimal,2913363391,7253131.639795371
LMIC,1_1_1_1_0_1_1_1_1_1_1_1_1_1_1_1_1,2124974499.0712938,72.93887558400002,Optimal,2913363391,7252955.672646555
LMIC,0_1_1_1_1_1_1_1_1_1_1_1_1_1_1_1_1,2099561399.3265188,72.06658138880002,Optimal,2913363391,7252920.712285862
LMIC,1_1_1_1_1_1_1_1_1_1_1_1_1_1_1_1_1,2330690712.823307,80.00000000080001,Optimal,2913363391,7252707.4540856425
LIC,0_0_0_0_0_0_0_0_0_0_0_0_0_0_0_0_0,0,0,Optimal,664957848,0
LIC,0_0_0_0_0_0_0_0_0_0_0_0_0_0_0_0_1,2167284.187205835,0.32592805599999997,Optimal,664957848,188503.58066673606
LIC,0_0_0_0_0_0_0_0_0_0_0_0_0_0_0_1_1,4763449.206008064,0.7163535584,Optimal,664957848,275071.1181086161
LIC,0_0_0_0_0_0_0_0_0_0_0_0_0_0_1_0_1,6484370.75063797,0.9751551576000002,Optimal,664957848,321698.76035979367
LIC,0_0_0_0_0_0_0_0_0_0_0_0_0_0_1_1_1,9080535.769440196,1.3655806599999998,Optimal,664957848,406769.07871111686
LIC,0_0_0_0_0_0_0_0_0_0_0_0_0_1_0_1_1,12177526.010729041,1.831323,Optimal,664957848,449708.7317457168
LIC,0_0_0_0_0_0_0_0_0_0_0_0_0_1_1_0_1,13898447.555358946,2.0901245992,Optimal,664957848,496665.39514008485
LIC,0_0_0_0_0_0_0_0_0_0_0_0_0_1_1_1_1,16494612.574161176,2.4805501016000004,Optimal,664957848,579255.5537099376
LIC,0_0_0_0_0_0_0_0_0_0_0_0_1_0_1_1_1,19248325.263260286,2.8946684848,Optimal,664957848,581996.5099593936
LIC,0_0_0_0_0_0_0_0_0_0_0_0_1_1_0_1_1,22345315.504549135,3.3604108248,Optimal,664957848,623529.3781707649
LIC,0_0_0_0_0_0_0_0_0_0_0_0_1_1_1_0_1,24066237.049179036,3.6192124239999997,Optimal,664957848,670415.8220163841
LIC,0_0_0_0_0_0_0_0_0_0_0_0_1_1_1_1_1,26662402.06798126,4.0096379264,Optimal,664957848,750336.7067927954
LIC,0_0_0_0_0_0_0_0_0_0_0_1_1_1_0_1_1,35433586.52507096,5.3286966432,Optimal,664957848,775453.4946274512
LIC,0_0_0_0_0_0_0_0_0_0_0_1_1_1_1_0_1,37154508.06970087,5.587498242400001,Optimal,664957848,822111.325964928
LIC,0_0_0_0_0_0_0_0_0_0_0_1_1_1_1_1_1,39750673.0885031,5.977923744800001,Optimal,664957848,899367.9906275425
LIC,0_0_0_0_0_0_0_0_0_0_1_1_1_1_1_0_1,53646335.082240134,8.067629435999999,Optimal,664957848,944713.8601309153
LIC,0_0_0_0_0_0_0_0_0_0_1_1_1_1_1_1_1,56242500.10104238,8.458054938400004,Optimal,664957848,1019588.9117651327
LIC,0_0_0_0_0_0_0_0_0_1_1_1_1_1_1_0_1,74274628.83374968,11.1698251336,Optimal,664957848,1048703.8251566738
LIC,0_0_0_0_0_0_0_0_0_1_1_1_1_1_1_1_1,76870793.85255192,11.560250636000001,Optimal,664957848,1121323.8717367537
LIC,0_0_0_0_0_0_0_0_1_0_1_1_1_1_1_1_1,81486838.68719448,12.254436718400004,Optimal,664957848,1124843.7596093568
LIC,0_0_0_0_0_0_0_0_1_1_1_1_1_1_1_0_1,99518967.4199018,14.966206913600002,Optimal,664957848,1151126.0855599872
LIC,0_0_0_0_0_0_0_0_1_1_1_1_1_1_1_1_1,102115132.43870401,15.356632416000002,Optimal,664957848,1220857.1562736463
LIC,0_0_0_0_0_0_0_1_1_0_1_1_1_1_1_1_1,111093927.8753132,16.706912808000002,Optimal,664957848,1225597.5077804688
LIC,0_0_0_0_0_0_0_1_1_1_1_1_1_1_1_0_1,129126056.60802048,19.418683003199998,Optimal,664957848,1249858.6278563186
LIC,0_0_0_0_0_0_0_1_1_1_1_1_1_1_1_1_1,131722221.62682274,19.809108505600005,Optimal,664957848,1315579.0718055505
LIC,0_0_0_1_0_0_0_0_1_1_1_1_1_1_1_1_1,159980675.09793267,24.058769376000004,Optimal,664957848,1331143.4741705472
LIC,0_0_0_0_0_0_1_1_1_1_1_1_1_1_1_0_1,164276764.29271817,24.704838778400006,Optimal,664957848,1335613.9857826512
LIC,0_0_1_0_0_0_0_0_1_1_1_1_1_1_1_1_1,166102230.9251443,24.979362440000003,Optimal,664957848,1349685.956753597
LIC,0_0_0_0_0_0_1_1_1_1_1_1_1_1_1_1_1,166872929.31152037,25.095264280800002,Optimal,664957848,1396514.68225801
LIC,0_0_0_0_1_0_0_1_1_1_1_1_1_1_1_1_1,183125370.70083022,27.539395354400003,Optimal,664957848,1398691.355277653
LIC,0_0_0_1_0_0_0_1_1_1_1_1_1_1_1_1_1,189587764.2860514,28.51124546560001,Optimal,664957848,1434520.0820773104
LIC,0_0_1_0_0_0_0_1_1_1_1_1_1_1_1_1_1,195709320.11326304,29.431838529600007,Optimal,664957848,1515457.1554370353
LIC,0_0_1_1_0_0_0_0_1_1_1_1_1_1_1_1_1,223967773.5843729,33.6814994,Optimal,664957848,1695487.0452551374
LIC,0_0_1_0_0_0_1_1_1_1_1_1_1_1_1_1_1,230860027.79796064,34.7179943048,Optimal,664957848,1738271.7631111536
LIC,0_0_1_1_1_0_0_0_0_1_1_1_1_1_1_1_1,250126584.0722283,37.6154044688,Optimal,664957848,1750238.7435184703
LIC,0_0_1_1_0_0_0_1_1_1_1_1_1_1_1_1_1,253574862.7724916,38.1339754896,Optimal,664957848,1800413.1379393104
LIC,0_0_1_1_1_0_0_0_1_1_1_1_1_1_1_1_1,275370922.65838045,41.411786248800006,Optimal,664957848,1800517.0043551682
LIC,0_0_1_1_0_0_1_1_1_1_1_1_1_1_1_1_1,288725570.45718926,43.4201312648,Optimal,664957848,1807413.5481799152
LIC,0_1_1_1_0_0_0_1_1_1_1_1_1_1_1_1_1,323761666.6030079,48.68905112960001,Optimal,664957848,1807691.899535088
LIC,0_0_1_1_0_1_1_1_1_1_1_1_1_1_1_1_1,331430997.12223226,49.842407021599996,Optimal,664957848,1807972.3787553746
LIC,0_0_1_1_1_0_1_1_1_1_1_1_1_1_1_1_1,340128719.53119683,51.15041811360002,Optimal,664957848,1807988.8697100047
LIC,0_1_1_1_0_0_1_1_1_1_1_1_1_1_1_1_1,358912374.2877054,53.97520690479999,Optimal,664957848,1808041.933346275
LIC,0_0_1_1_1_1_1_1_1_1_1_1_1_1_1_1_1,382834146.19623977,57.5726938704,Optimal,664957848,1808081.5648340161
LIC,0_1_1_1_0_1_1_1_1_1_1_1_1_1_1_1_1,401617800.95274854,60.39748266160001,Optimal,664957848,1808095.7949319633
LIC,0_1_1_1_1_1_1_1_1_1_1_1_1_1_1_1_0,450853665.83955026,67.80184145440002,Optimal,664957848,1807872.9010613135
LIC,0_1_1_1_1_1_1_1_1_1_1_1_1_1_1_0_1,450424785.00795376,67.737344008,Optimal,664957848,1807988.0717605872
LIC,0_1_1_1_1_1_1_1_1_1_1_1_1_1_0_1_1,448703863.4633239,67.4785424088,Optimal,664957848,1807904.686046448
LIC,0_1_1_1_1_1_1_1_1_1_1_1_1_0_1_1_1,445606873.22203505,67.0128000688,Optimal,664957848,1807871.039179339
LIC,0_1_1_1_1_1_1_1_1_1_1_1_0_1_1_1_1,442853160.5329359,66.5986816856,Optimal,664957848,1807883.9393615904
LIC,0_1_1_1_1_1_1_1_1_1_1_0_1_1_1_1_1,439932679.00623417,66.159483692,Optimal,664957848,1807927.4276048497
LIC,0_1_1_1_1_1_1_1_1_0_0_1_1_1_1_1_1,415900829.2627072,62.545442619199996,Optimal,664957848,1807893.9137293103
LIC,0_1_1_1_1_1_1_1_1_1_0_1_1_1_1_1_1,436529123.0142167,65.6476383168,Optimal,664957848,1807981.6881652463
LIC,0_1_1_1_1_1_1_1_0_0_1_1_1_1_1_1_1,407148317.68909436,61.22919203280001,Optimal,664957848,1807902.691172904
LIC,0_1_1_1_1_1_1_1_1_0_1_1_1_1_1_1_1,432392656.27524644,65.02557381279999,Optimal,664957848,1808012.0102431152
LIC,1_1_1_1_1_1_1_1_1_0_1_1_1_1_1_1_1,511337984.6378512,76.8978043008,Optimal,664957848,1807840.185135192
LIC,0_1_1_1_1_1_1_1_0_1_1_1_1_1_1_1_1,427776611.4406039,64.3313877304,Optimal,664957848,1808002.9668163825
LIC,1_1_1_1_1_1_1_1_0_1_1_1_1_1_1_1_1,506721939.80320865,76.20361821840001,Optimal,664957848,1807833.2695735728
LIC,0_1_1_1_1_1_1_0_1_1_1_1_1_1_1_1_1,423413860.83863735,63.67529342080002,Optimal,664957848,1807998.7110861551
LIC,1_1_1_1_1_1_1_0_1_1_1_1_1_1_1_1_1,502359189.20124197,75.5475239088,Optimal,664957848,1807833.6685482813
LIC,1_1_1_1_1_0_0_1_1_1_1_1_1_1_1_1_1,454110144.03962004,68.2915684664,Optimal,664957848,1807867.5813985297
LIC,0_1_1_1_1_1_0_1_1_1_1_1_1_1_1_1_1,417870242.3420583,62.8416137352,Optimal,664957848,1808041.667363136
LIC,1_1_1_1_1_1_0_1_1_1_1_1_1_1_1_1_1,496815570.70466304,74.7138442232,Optimal,664957848,1807880.74756392
LIC,1_1_1_1_0_0_1_1_1_1_1_1_1_1_1_1_1,437857702.65031016,65.8474373928,Optimal,664957848,1807917.054262421
LIC,0_1_1_1_1_0_1_1_1_1_1_1_1_1_1_1_1,410315523.36171305,61.70549375360002,Optimal,664957848,1808091.6721933058
LIC,1_1_1_1_1_0_1_1_1_1_1_1_1_1_1_1_1,489260851.72431767,73.5777242416,Optimal,664957848,1807927.560596419
LIC,0_1_1_1_0_1_1_1_1_1_1_1_1_1_1_1_1,401617800.95274854,60.39748266160001,Optimal,664957848,1808095.7949319633
LIC,1_1_1_1_0_1_1_1_1_1_1_1_1_1_1_1_1,480563129.31535316,72.2697131496,Optimal,664957848,1807930.353419381
LIC,1_1_1_0_1_1_1_1_1_1_1_1_1_1_1_1_1,474100735.73013204,71.2978630384,Optimal,664957848,1807844.839840128
LIC,1_0_1_1_1_1_1_1_1_1_1_1_1_1_1_1_1,461779474.5588444,69.4449243584,Optimal,664957848,1807938.8648798352
LIC,0_1_1_1_1_1_1_1_1_1_1_1_1_1_1_1_1,453020950.02675605,68.12776951040001,Optimal,664957848,1808080.8998761682
LIC,1_1_1_1_1_1_1_1_1_1_1_1_1_1_1_1_1,531966278.3893607,79.9999999984,Optimal,664957848,1807904.1540801697
HIC,0_0_0_0_0_0_0_0_0_0_0_0_0_0_0_0_0,0,0,"Target older groups first,
immunosenescence",1212261796,0
HIC,0_0_0_0_0_0_0_0_0_0_0_0_0_0_0_0_1,47093652.28237152,3.8847757504000007,"Target older groups first,
immunosenescence",1212261796,961092
HIC,0_0_0_0_0_0_0_0_0_0_0_0_0_0_0_1_1,84863459.87176223,7.000423518399999,"Target older groups first,
immunosenescence",1212261796,1281448
HIC,0_0_0_0_0_0_0_0_0_0_0_0_0_0_1_1_1,146297602.5993484,12.0681525296,"Target older groups first,
immunosenescence",1212261796,1685103
HIC,0_0_0_0_0_0_0_0_0_0_0_0_0_1_1_1_1,206807048.3702348,17.0596028888,"Target older groups first,
immunosenescence",1212261796,1920766
HIC,0_0_0_0_0_0_0_0_0_0_0_0_1_1_1_1_1,272987675.9975493,22.5188714928,"Target older groups first,
immunosenescence",1212261796,2296000
HIC,0_0_0_0_0_0_0_0_0_0_0_1_1_1_1_1_1,334874283.2790822,27.62392450080001,"Target older groups first,
immunosenescence",1212261796,2550805
HIC,0_0_0_0_0_0_0_0_0_0_1_1_1_1_1_1_1,389864100.846528,32.1600583416,"Target older groups first,
immunosenescence",1212261796,2771515
HIC,0_0_0_0_0_0_0_0_0_1_1_1_1_1_1_1_1,452007690.4146954,37.28630992960001,"Target older groups first,
immunosenescence",1212261796,3002289
HIC,0_0_0_0_0_0_0_0_1_1_1_1_1_1_1_1_1,520433069.3388586,42.930749039199995,"Target older groups first,
immunosenescence",1212261796,3226525
HIC,0_0_0_0_0_0_0_1_1_1_1_1_1_1_1_1_1,591654503.4548309,48.8058359512,"Target older groups first,
immunosenescence",1212261796,3427767
HIC,0_0_0_0_0_0_1_1_1_1_1_1_1_1_1_1_1,663976348.9169142,54.77169627120001,"Target older groups first,
immunosenescence",1212261796,3590871
HIC,0_0_0_0_0_1_1_1_1_1_1_1_1_1_1_1_1,730225065.8658828,60.23658159280001,"Target older groups first,
immunosenescence",1212261796,3629525
HIC,0_0_0_0_1_1_1_1_1_1_1_1_1_1_1_1_1,785245633.4526879,64.77525201600001,"Target older groups first,
immunosenescence",1212261796,3661457
HIC,0_0_0_1_1_1_1_1_1_1_1_1_1_1_1_1_1,830408623.9050404,68.5007666368,"Target older groups first,
immunosenescence",1212261796,3728503
HIC,0_0_1_1_1_1_1_1_1_1_1_1_1_1_1_1_1,875138917.6716492,72.19058792080001,"Target older groups first,
immunosenescence",1212261796,3822878
HIC,0_1_1_1_1_1_1_1_1_1_1_1_1_1_1_1_1,922204016.368772,76.07300827360001,"Target older groups first,
immunosenescence",1212261796,3921205
HIC,1_1_1_1_1_1_1_1_1_1_1_1_1_1_1_1_1,969809436.8000001,80,"Target older groups first,
immunosenescence",1212261796,3921181
UMIC,0_0_0_0_0_0_0_0_0_0_0_0_0_0_0_0_0,0,0,"Target older groups first,
immunosenescence",2855862789,0
UMIC,0_0_0_0_0_0_0_0_0_0_0_0_0_0_0_0_1,48163290.014023215,1.6864707296,"Target older groups first,
immunosenescence",2855862789,1328279
UMIC,0_0_0_0_0_0_0_0_0_0_0_0_0_0_0_1_1,88671622.04902476,3.10489784,"Target older groups first,
immunosenescence",2855862789,1796794
UMIC,0_0_0_0_0_0_0_0_0_0_0_0_0_0_1_1_1,145383286.89345756,5.0906957944,"Target older groups first,
immunosenescence",2855862789,2241646
UMIC,0_0_0_0_0_0_0_0_0_0_0_0_0_1_1_1_1,223719700.4092969,7.8336991984,"Target older groups first,
immunosenescence",2855862789,2660160
UMIC,0_0_0_0_0_0_0_0_0_0_0_0_1_1_1_1_1,339823280.62947935,11.8991459232,"Target older groups first,
immunosenescence",2855862789,3240988
UMIC,0_0_0_0_0_0_0_0_0_0_0_1_1_1_1_1_1,466282374.2931141,16.3271980744,"Target older groups first,
immunosenescence",2855862789,3639525
UMIC,0_0_0_0_0_0_0_0_0_0_1_1_1_1_1_1_1,586426635.2433857,20.534132014399997,"Target older groups first,
immunosenescence",2855862789,4013574
UMIC,0_0_0_0_0_0_0_0_0_1_1_1_1_1_1_1_1,714550733.0339601,25.0204854304,"Target older groups first,
immunosenescence",2855862789,4307508
UMIC,0_0_0_0_0_0_0_0_1_1_1_1_1_1_1_1_1,847771367.8252287,29.685297595199998,"Target older groups first,
immunosenescence",2855862789,4535497
UMIC,0_0_0_0_0_0_0_1_1_1_1_1_1_1_1_1_1,1027774557.4986343,35.9882330992,"Target older groups first,
immunosenescence",2855862789,4848622
UMIC,0_0_0_0_0_0_1_1_1_1_1_1_1_1_1_1_1,1217524112.7820046,42.6324442992,"Target older groups first,
immunosenescence",2855862789,5018781
UMIC,0_0_0_0_0_1_1_1_1_1_1_1_1_1_1_1_1,1412248375.51308,49.450848302400004,"Target older groups first,
immunosenescence",2855862789,5171914
UMIC,0_0_0_0_1_1_1_1_1_1_1_1_1_1_1_1_1,1588880947.0892258,55.63575929520002,"Target older groups first,
immunosenescence",2855862789,5284282
UMIC,0_0_0_1_1_1_1_1_1_1_1_1_1_1_1_1_1,1741452178.5914736,60.9781459144,"Target older groups first,
immunosenescence",2855862789,5548796
UMIC,0_0_1_1_1_1_1_1_1_1_1_1_1_1_1_1_1,1916541575.6165159,67.1090215888,"Target older groups first,
immunosenescence",2855862789,6121845
UMIC,0_1_1_1_1_1_1_1_1_1_1_1_1_1_1_1_1,2101702217.0899572,73.5925488152,"Target older groups first,
immunosenescence",2855862789,6166644
UMIC,1_1_1_1_1_1_1_1_1_1_1_1_1_1_1_1_1,2284690231.245694,80.00000000160001,"Target older groups first,
immunosenescence",2855862789,6166668
LMIC,0_0_0_0_0_0_0_0_0_0_0_0_0_0_0_0_0,0,0,"Target older groups first,
immunosenescence",2913363391,0
LMIC,0_0_0_0_0_0_0_0_0_0_0_0_0_0_0_0_1,26803516.31404628,0.920019672,"Target older groups first,
immunosenescence",2913363391,1254067
LMIC,0_0_0_0_0_0_0_0_0_0_0_0_0_0_0_1_1,50407878.31040552,1.730229688,"Target older groups first,
immunosenescence",2913363391,1796357
LMIC,0_0_0_0_0_0_0_0_0_0_0_0_0_0_1_1_1,79754041.5437201,2.7375246695999995,"Target older groups first,
immunosenescence",2913363391,2267236
LMIC,0_0_0_0_0_0_0_0_0_0_0_0_0_1_1_1_1,132324594.61608976,4.5419872792,"Target older groups first,
immunosenescence",2913363391,2766574
LMIC,0_0_0_0_0_0_0_0_0_0_0_0_1_1_1_1_1,202454082.53978306,6.949153104800001,"Target older groups first,
immunosenescence",2913363391,3502434
LMIC,0_0_0_0_0_0_0_0_0_0_0_1_1_1_1_1_1,284576968.92578584,9.7679873992,"Target older groups first,
immunosenescence",2913363391,4034737
LMIC,0_0_0_0_0_0_0_0_0_0_1_1_1_1_1_1_1,380942477.75679195,13.075693850400002,"Target older groups first,
immunosenescence",2913363391,4571718
LMIC,0_0_0_0_0_0_0_0_0_1_1_1_1_1_1_1_1,501211400.7214757,17.2038751592,"Target older groups first,
immunosenescence",2913363391,4987058
LMIC,0_0_0_0_0_0_0_0_1_1_1_1_1_1_1_1_1,649398776.781652,22.290345886399997,"Target older groups first,
immunosenescence",2913363391,5296563
LMIC,0_0_0_0_0_0_0_1_1_1_1_1_1_1_1_1_1,827561029.2409905,28.405691916000002,"Target older groups first,
immunosenescence",2913363391,5655851
LMIC,0_0_0_0_0_0_1_1_1_1_1_1_1_1_1_1_1,1020734292.2494032,35.036284708,"Target older groups first,
immunosenescence",2913363391,5860890
LMIC,0_0_0_0_0_1_1_1_1_1_1_1_1_1_1_1_1,1225247260.8871183,42.05610823119999,"Target older groups first,
immunosenescence",2913363391,6036093
LMIC,0_0_0_0_1_1_1_1_1_1_1_1_1_1_1_1_1,1430963474.639132,49.117232648000005,"Target older groups first,
immunosenescence",2913363391,6173657
LMIC,0_0_0_1_1_1_1_1_1_1_1_1_1_1_1_1_1,1643121975.319024,56.39948591359999,"Target older groups first,
immunosenescence",2913363391,6493097
LMIC,0_0_1_1_1_1_1_1_1_1_1_1_1_1_1_1_1,1867284429.227188,64.093769936,"Target older groups first,
immunosenescence",2913363391,7192827
LMIC,0_1_1_1_1_1_1_1_1_1_1_1_1_1_1_1_1,2099561399.3265188,72.06658138880002,"Target older groups first,
immunosenescence",2913363391,7252419
LMIC,1_1_1_1_1_1_1_1_1_1_1_1_1_1_1_1_1,2330690712.823307,80.00000000080001,"Target older groups first,
immunosenescence",2913363391,7252273
LIC,0_0_0_0_0_0_0_0_0_0_0_0_0_0_0_0_0,0,0,"Target older groups first,
immunosenescence",664957848,0
LIC,0_0_0_0_0_0_0_0_0_0_0_0_0_0_0_0_1,2167284.187205835,0.32592805599999997,"Target older groups first,
immunosenescence",664957848,142598
LIC,0_0_0_0_0_0_0_0_0_0_0_0_0_0_0_1_1,4763449.206008064,0.7163535584,"Target older groups first,
immunosenescence",664957848,206895
LIC,0_0_0_0_0_0_0_0_0_0_0_0_0_0_1_1_1,9080535.769440196,1.3655806599999998,"Target older groups first,
immunosenescence",664957848,301078
LIC,0_0_0_0_0_0_0_0_0_0_0_0_0_1_1_1_1,16494612.574161176,2.4805501016000004,"Target older groups first,
immunosenescence",664957848,426431
LIC,0_0_0_0_0_0_0_0_0_0_0_0_1_1_1_1_1,26662402.06798126,4.0096379264,"Target older groups first,
immunosenescence",664957848,603575
LIC,0_0_0_0_0_0_0_0_0_0_0_1_1_1_1_1_1,39750673.0885031,5.977923744800001,"Target older groups first,
immunosenescence",664957848,758604
LIC,0_0_0_0_0_0_0_0_0_0_1_1_1_1_1_1_1,56242500.10104238,8.458054938400004,"Target older groups first,
immunosenescence",664957848,884414
LIC,0_0_0_0_0_0_0_0_0_1_1_1_1_1_1_1_1,76870793.85255192,11.560250636000001,"Target older groups first,
immunosenescence",664957848,991248
LIC,0_0_0_0_0_0_0_0_1_1_1_1_1_1_1_1_1,102115132.43870401,15.356632416000002,"Target older groups first,
immunosenescence",664957848,1096350
LIC,0_0_0_0_0_0_0_1_1_1_1_1_1_1_1_1_1,131722221.62682274,19.809108505600005,"Target older groups first,
immunosenescence",664957848,1197910
LIC,0_0_0_0_0_0_1_1_1_1_1_1_1_1_1_1_1,166872929.31152037,25.095264280800002,"Target older groups first,
immunosenescence",664957848,1286955
LIC,0_0_0_0_0_1_1_1_1_1_1_1_1_1_1_1_1,209578355.97656336,31.5175400376,"Target older groups first,
immunosenescence",664957848,1362847
LIC,0_0_0_0_1_1_1_1_1_1_1_1_1_1_1_1_1,260981505.05057088,39.247826886400006,"Target older groups first,
immunosenescence",664957848,1452880
LIC,0_0_0_1_1_1_1_1_1_1_1_1_1_1_1_1_1,318847047.70979947,47.9499638464,"Target older groups first,
immunosenescence",664957848,1687255
LIC,0_0_1_1_1_1_1_1_1_1_1_1_1_1_1_1_1,382834146.19623977,57.5726938704,"Target older groups first,
immunosenescence",664957848,1807852
LIC,0_1_1_1_1_1_1_1_1_1_1_1_1_1_1_1_1,453020950.02675605,68.12776951040001,"Target older groups first,
immunosenescence",664957848,1807929
LIC,1_1_1_1_1_1_1_1_1_1_1_1_1_1_1_1_1,531966278.3893607,79.9999999984,"Target older groups first,
immunosenescence",664957848,1807755
