income_group,age_target,pop_2019,proportion,deaths,vaccine_n,t_start,R0,reduction1,reduction2,coverage,mode,efficacy,hs_constraints,duration_R,duration_V,dur_vacc_delay,vaccine_start,vaccine_period,timing1,timing2,immunosenescence,seeding_cases,reduce_inf,sensitivity_run,directory_out,deaths_cf,deaths_averted_2021,vaccine_n_2021,dapd_2021,pop_age_target,relative_constraint,cost,y,strategy
HIC,0_0_0_0_0_0_0_0_0_0_0_0_0_0_0_0_1,1212261796,4.855969688,117880.44,1934127,60,2.5,0.5599999999999999,0.19999999999999996,0.8,Disease,0.9,Present,365,5000,7,327,30,60,357,1,60,1,mode_disease,sensitivity,162146.76,1073247.3717102145,47093652,0.022789639785741597,58867065,3.8847757271070518,47093652,1073247,Target older groups first
HIC,0_0_0_0_0_0_0_0_0_0_0_0_0_0_0_1_1,1212261796,8.750529398,103515.65,3488583,60,2.5,0.5599999999999999,0.19999999999999996,0.8,Disease,0.9,Present,365,5000,7,327,30,60,357,1,60,1,mode_disease,sensitivity,162146.76,1421525.0942014717,84863460,0.01675073225095404,106079325,7.000423528978389,84863460,1421525,Target older groups first
HIC,0_0_0_0_0_0_0_0_0_0_0_0_0_0_1_1_1,1212261796,15.085190662,86043.66,6021241,60,2.5,0.5599999999999999,0.19999999999999996,0.8,Disease,0.9,Present,365,5000,7,327,30,60,357,1,60,1,mode_disease,sensitivity,162146.76,1845137.613743352,146297602,0.012612220439431658,182872003,12.068152480159492,146297602,1845138,Target older groups first
HIC,0_0_0_0_0_0_0_0_0_0_0_0_0_1_1_1_1,1212261796,21.324503611,75927.75,8512693,60,2.5,0.5599999999999999,0.19999999999999996,0.8,Disease,0.9,Present,365,5000,7,327,30,60,357,1,60,1,mode_disease,sensitivity,162146.76,2090400.2382388394,206807048,0.01010797385636739,258508810,17.059602858259172,206807048,2090400,Target older groups first
HIC,0_0_0_0_0_0_0_0_0_0_0_0_1_1_1_1_1,1212261796,28.148589366,65440.64,11240137,60,2.5,0.5599999999999999,0.19999999999999996,0.8,Disease,0.9,Present,365,5000,7,327,30,60,357,1,60,1,mode_disease,sensitivity,162146.76,2344662.6943078307,272987676,0.008588895765129263,341234595,22.51887149300216,272987676,2344663,Target older groups first
HIC,0_0_0_0_0_0_0_0_0_0_0_1_1_1_1_1_1,1212261796,34.529905626,58698.54,13790707,60,2.5,0.5599999999999999,0.19999999999999996,0.8,Disease,0.9,Present,365,5000,7,327,30,60,357,1,60,1,mode_disease,sensitivity,162146.76,2508126.4994040625,334874283,0.00748975548329522,418592854,27.623924477778395,334874283,2508126,Target older groups first
HIC,0_0_0_0_0_0_0_0_0_0_1_1_1_1_1_1_1,1212261796,40.200072927,54160.47,16057798,60,2.5,0.5599999999999999,0.19999999999999996,0.8,Disease,0.9,Present,365,5000,7,327,30,60,357,1,60,1,mode_disease,sensitivity,162146.76,2618153.077175537,389864101,0.006715553115792486,487330126,32.160058354259974,389864101,2618153,Target older groups first
HIC,0_0_0_0_0_0_0_0_0_1_1_1_1_1_1_1_1,1212261796,46.607887412000004,50636.92,18619513,60,2.5,0.5599999999999999,0.19999999999999996,0.8,Disease,0.9,Present,365,5000,7,327,30,60,357,1,60,1,mode_disease,sensitivity,162146.76,2703582.378201453,452007690,0.0059812751763604856,565009613,37.286309895391604,452007690,2703582,Target older groups first
HIC,0_0_0_0_0_0_0_0_1_1_1_1_1_1_1_1_1,1212261796,53.663436299,48012.05,21440925,60,2.5,0.5599999999999999,0.19999999999999996,0.8,Disease,0.9,Present,365,5000,7,327,30,60,357,1,60,1,mode_disease,sensitivity,162146.76,2767222.9706107834,520433070,0.0053171543732341495,650541337,42.93074909373784,520433070,2767223,Target older groups first
HIC,0_0_0_0_0_0_0_1_1_1_1_1_1_1_1_1_1,1212261796,61.007294939,46206.64,24377630,60,2.5,0.5599999999999999,0.19999999999999996,0.8,Disease,0.9,Present,365,5000,7,327,30,60,357,1,60,1,mode_disease,sensitivity,162146.76,2810995.5619931105,591654503,0.004751076085078278,739568129,48.80583591368081,591654503,2810996,Target older groups first
HIC,0_0_0_0_0_0_1_1_1_1_1_1_1_1_1_1_1,1212261796,68.464620339,45047.69,27361378,60,2.5,0.5599999999999999,0.19999999999999996,0.8,Disease,0.9,Present,365,5000,7,327,30,60,357,1,60,1,mode_disease,sensitivity,162146.76,2839094.5781625947,663976349,0.004275897150243014,829970436,54.77169627805378,663976349,2839095,Target older groups first
HIC,0_0_0_0_0_1_1_1_1_1_1_1_1_1_1_1_1,1212261796,75.295726991,44527.59,30095667,60,2.5,0.5599999999999999,0.19999999999999996,0.8,Disease,0.9,Present,365,5000,7,327,30,60,357,1,60,1,mode_disease,sensitivity,162146.76,2851704.5253645866,730225066,0.0039052405329076264,912781332,60.23658160386339,730225066,2851705,Target older groups first
HIC,0_0_0_0_1_1_1_1_1_1_1_1_1_1_1_1_1,1212261796,80.96906502,44225.3,32361917,60,2.5,0.5599999999999999,0.19999999999999996,0.8,Disease,0.9,Present,365,5000,7,327,30,60,357,1,60,1,mode_disease,sensitivity,162146.76,2859033.6177308434,785245634,0.003640941758771466,981557042,64.77525206114801,785245634,2859034,Target older groups first
HIC,0_0_0_1_1_1_1_1_1_1_1_1_1_1_1_1_1,1212261796,85.625958296,44032.7,34226420,60,2.5,0.5599999999999999,0.19999999999999996,0.8,Disease,0.9,Present,365,5000,7,327,30,60,357,1,60,1,mode_disease,sensitivity,162146.76,2863703.2501690355,830408624,0.0034485470980567612,1038010780,68.50076664463325,830408624,2863703,Target older groups first
HIC,0_0_1_1_1_1_1_1_1_1_1_1_1_1_1_1_1,1212261796,90.238234901,43908.14,36069288,60,2.5,0.5599999999999999,0.19999999999999996,0.8,Disease,0.9,Present,365,5000,7,327,30,60,357,1,60,1,mode_disease,sensitivity,162146.76,2866723.236755231,875138918,0.0032757350620199717,1093923647,72.1905879478858,875138918,2866723,Target older groups first
HIC,0_1_1_1_1_1_1_1_1_1_1_1_1_1_1_1_1,1212261796,95.091260342,43823.47,38010451,60,2.5,0.5599999999999999,0.19999999999999996,0.8,Disease,0.9,Present,365,5000,7,327,30,60,357,1,60,1,mode_disease,sensitivity,162146.76,2868776.080880577,922204016,0.0031107824624062442,1152755020,76.07300824317984,922204016,2868776,Target older groups first
HIC,1_1_1_1_1_1_1_1_1_1_1_1_1_1_1_1_1,1212261796,100,43778.83,39974065,60,2.5,0.5599999999999999,0.19999999999999996,0.8,Disease,0.9,Present,365,5000,7,327,30,60,357,1,60,1,mode_disease,sensitivity,162146.76,2869858.3882120457,969809437,0.00295919825,1212261796,80.00000001649809,969809437,2869858,Target older groups first
UMIC,0_0_0_0_0_0_0_0_0_0_0_0_0_0_0_0_1,2855862789,2.108088412,81208.33,837194,60,2.5,0.5599999999999999,0.19999999999999996,0.8,Disease,0.9,Present,365,5000,7,327,30,60,357,1,60,1,mode_disease,sensitivity,108457.08,1556373.823435275,48163290,0.032314524671842836,60204113,1.6864707291089676,48163290,1556374,Target older groups first
UMIC,0_0_0_0_0_0_0_0_0_0_0_0_0_0_0_1_1,2855862789,3.8811223,71790.69,1544360,60,2.5,0.5599999999999999,0.19999999999999996,0.8,Disease,0.9,Present,365,5000,7,327,30,60,357,1,60,1,mode_disease,sensitivity,108457.08,2094283.5761592344,88671622,0.023618419599918304,110839528,3.1048978382833643,88671622,2094284,Target older groups first
UMIC,0_0_0_0_0_0_0_0_0_0_0_0_0_0_1_1_1,2855862789,6.363369743,63060.03,2535399,60,2.5,0.5599999999999999,0.19999999999999996,0.8,Disease,0.9,Present,365,5000,7,327,30,60,357,1,60,1,mode_disease,sensitivity,108457.08,2592954.9165074495,145383287,0.017835302612243635,181729109,5.090695798130658,145383287,2592955,Target older groups first
UMIC,0_0_0_0_0_0_0_0_0_0_0_0_0_1_1_1_1,2855862789,9.792123998,55061.01,3905603,60,2.5,0.5599999999999999,0.19999999999999996,0.8,Disease,0.9,Present,365,5000,7,327,30,60,357,1,60,1,mode_disease,sensitivity,108457.08,3049836.9878367847,223719701,0.013632402431511774,279649626,7.833699219083876,223719701,3049837,Target older groups first
UMIC,0_0_0_0_0_0_0_0_0_0_0_0_1_1_1_1_1,2855862789,14.873932404,47524.19,5936161,60,2.5,0.5599999999999999,0.19999999999999996,0.8,Disease,0.9,Present,365,5000,7,327,30,60,357,1,60,1,mode_disease,sensitivity,108457.08,3480319.4635446044,339823281,0.010241556897154768,424779101,11.899145936174037,339823281,3480319,Target older groups first
UMIC,0_0_0_0_0_0_0_0_0_0_0_1_1_1_1_1_1,2855862789,20.408997593,42463.65,8149028,60,2.5,0.5599999999999999,0.19999999999999996,0.8,Disease,0.9,Present,365,5000,7,327,30,60,357,1,60,1,mode_disease,sensitivity,108457.08,3769363.621109525,466282374,0.008083864689982963,582852968,16.327198064136404,466282374,3769364,Target older groups first
UMIC,0_0_0_0_0_0_0_0_0_0_1_1_1_1_1_1_1,2855862789,25.667665018,38677.85,10252165,60,2.5,0.5599999999999999,0.19999999999999996,0.8,Disease,0.9,Present,365,5000,7,327,30,60,357,1,60,1,mode_disease,sensitivity,108457.08,3985598.12804145,586426635,0.006796413887966225,733033294,20.53413200587768,586426635,3985598,Target older groups first
UMIC,0_0_0_0_0_0_0_0_0_1_1_1_1_1_1_1_1,2855862789,31.275606788,36066.88,12495414,60,2.5,0.5599999999999999,0.19999999999999996,0.8,Disease,0.9,Present,365,5000,7,327,30,60,357,1,60,1,mode_disease,sensitivity,108457.08,4134729.5693653566,714550733,0.0057864744632049065,893188416,25.020485429210865,714550733,4134730,Target older groups first
UMIC,0_0_0_0_0_0_0_0_1_1_1_1_1_1_1_1_1,2855862789,37.106621994,34363.24,14826800,60,2.5,0.5599999999999999,0.19999999999999996,0.8,Disease,0.9,Present,365,5000,7,327,30,60,357,1,60,1,mode_disease,sensitivity,108457.08,4232036.811002395,847771368,0.004991955345058133,1059714210,29.68529760131974,847771368,4232037,Target older groups first
UMIC,0_0_0_0_0_0_0_1_1_1_1_1_1_1_1_1_1,2855862789,44.985291374,32765.35,17977908,60,2.5,0.5599999999999999,0.19999999999999996,0.8,Disease,0.9,Present,365,5000,7,327,30,60,357,1,60,1,mode_disease,sensitivity,108457.08,4323303.9028407,1027774558,0.004206471031315099,1284718197,35.988233116755666,1027774558,4323304,Target older groups first
UMIC,0_0_0_0_0_0_1_1_1_1_1_1_1_1_1_1_1,2855862789,53.290555374,31849.08,21298936,60,2.5,0.5599999999999999,0.19999999999999996,0.8,Disease,0.9,Present,365,5000,7,327,30,60,357,1,60,1,mode_disease,sensitivity,108457.08,4375638.73079424,1217524113,0.0035938826055740627,1521905141,42.63244430683326,1217524113,4375639,Target older groups first
UMIC,0_0_0_0_0_1_1_1_1_1_1_1_1_1_1_1_1,2855862789,61.813560378,31221.46,24708145,60,2.5,0.5599999999999999,0.19999999999999996,0.8,Disease,0.9,Present,365,5000,7,327,30,60,357,1,60,1,mode_disease,sensitivity,108457.08,4411486.662866883,1412248375,0.0031237328641034257,1765310469,49.45084828443416,1412248375,4411487,Target older groups first
UMIC,0_0_0_0_1_1_1_1_1_1_1_1_1_1_1_1_1,2855862789,69.544699119,30845.97,27800506,60,2.5,0.5599999999999999,0.19999999999999996,0.8,Disease,0.9,Present,365,5000,7,327,30,60,357,1,60,1,mode_disease,sensitivity,108457.08,4432933.621239716,1588880947,0.0027899721683746635,1986101184,55.635759292075704,1588880947,4432934,Target older groups first
UMIC,0_0_0_1_1_1_1_1_1_1_1_1_1_1_1_1_1,2855862789,76.222682393,30562.64,30471499,60,2.5,0.5599999999999999,0.19999999999999996,0.8,Disease,0.9,Present,365,5000,7,327,30,60,357,1,60,1,mode_disease,sensitivity,108457.08,4449116.653319863,1741452178,0.002554831368908683,2176815223,60.97814589368915,1741452178,4449117,Target older groups first
UMIC,0_0_1_1_1_1_1_1_1_1_1_1_1_1_1_1_1,2855862789,83.886276986,30350.52,33536704,60,2.5,0.5599999999999999,0.19999999999999996,0.8,Disease,0.9,Present,365,5000,7,327,30,60,357,1,60,1,mode_disease,sensitivity,108457.08,4461232.365615916,1916541576,0.00232775141555738,2395676970,67.10902160222795,1916541576,4461232,Target older groups first
UMIC,0_1_1_1_1_1_1_1_1_1_1_1_1_1_1_1_1,2855862789,91.990686019,30214.24,36778485,60,2.5,0.5599999999999999,0.19999999999999996,0.8,Disease,0.9,Present,365,5000,7,327,30,60,357,1,60,1,mode_disease,sensitivity,108457.08,4469016.305233615,2101702217,0.0021263794027973526,2627127771,73.59254881205008,2101702217,4469016,Target older groups first
UMIC,1_1_1_1_1_1_1_1_1_1_1_1_1_1_1_1_1,2855862789,100.000000002,30142.93,39982182,60,2.5,0.5599999999999999,0.19999999999999996,0.8,Disease,0.9,Present,365,5000,7,327,30,60,357,1,60,1,mode_disease,sensitivity,108457.08,4473089.336743287,2284690231,0.0019578537499608424,2855862789,79.99999999299686,2284690231,4473089,Target older groups first
LMIC,0_0_0_0_0_0_0_0_0_0_0_0_0_0_0_0_1,2913363391,1.15002459,99924.61,455816,60,2.5,0.5599999999999999,0.19999999999999996,0.8,Disease,0.9,Present,365,5000,7,327,30,60,357,1,60,1,mode_disease,sensitivity,124987.59,1460351.3680273031,26803516,0.05448357412948881,33504395,0.9200196612204907,26803516,1460351,Target older groups first
LMIC,0_0_0_0_0_0_0_0_0_0_0_0_0_0_0_1_1,2913363391,2.16278711,89591.85,858700,60,2.5,0.5599999999999999,0.19999999999999996,0.8,Disease,0.9,Present,365,5000,7,327,30,60,357,1,60,1,mode_disease,sensitivity,124987.59,2062413.0622670865,50407878,0.04091449851483532,63009848,1.7302296773454584,50407878,2062413,Target older groups first
LMIC,0_0_0_0_0_0_0_0_0_0_0_0_0_0_1_1_1,2913363391,3.4219058369999997,81492.77,1360499,60,2.5,0.5599999999999999,0.19999999999999996,0.8,Disease,0.9,Present,365,5000,7,327,30,60,357,1,60,1,mode_disease,sensitivity,124987.59,2534324.3257226916,79754042,0.0317767510795476,99692552,2.7375246852616195,79754042,2534324,Target older groups first
LMIC,0_0_0_0_0_0_0_0_0_0_0_0_0_1_1_1_1,2913363391,5.677484099,71857.59,2260253,60,2.5,0.5599999999999999,0.19999999999999996,0.8,Disease,0.9,Present,365,5000,7,327,30,60,357,1,60,1,mode_disease,sensitivity,124987.59,3095739.9392766,132324594,0.023395045707551174,165405743,4.5419872580529725,132324594,3095740,Target older groups first
LMIC,0_0_0_0_0_0_0_0_0_0_0_0_1_1_1_1_1,2913363391,8.686441381,61763.73,3461775,60,2.5,0.5599999999999999,0.19999999999999996,0.8,Disease,0.9,Present,365,5000,7,327,30,60,357,1,60,1,mode_disease,sensitivity,124987.59,3683881.583234185,202454082,0.018196133844375732,253067603,6.949153086272168,202454082,3683882,Target older groups first
LMIC,0_0_0_0_0_0_0_0_0_0_0_1_1_1_1_1_1,2913363391,12.209984249,54334.26,4868866,60,2.5,0.5599999999999999,0.19999999999999996,0.8,Disease,0.9,Present,365,5000,7,327,30,60,357,1,60,1,mode_disease,sensitivity,124987.59,4116776.5014848397,284576969,0.014466302445432414,355721211,9.767987401747371,284576969,4116777,Target older groups first
LMIC,0_0_0_0_0_0_0_0_0_0_1_1_1_1_1_1_1,2913363391,16.344617313,47799.18,6520938,60,2.5,0.5599999999999999,0.19999999999999996,0.8,Disease,0.9,Present,365,5000,7,327,30,60,357,1,60,1,mode_disease,sensitivity,124987.59,4497557.758069967,380942478,0.011806396032687584,476178097,13.075693858748016,380942478,4497558,Target older groups first
LMIC,0_0_0_0_0_0_0_0_0_1_1_1_1_1_1_1_1,2913363391,21.504843948999998,43090.66,8583819,60,2.5,0.5599999999999999,0.19999999999999996,0.8,Disease,0.9,Present,365,5000,7,327,30,60,357,1,60,1,mode_disease,sensitivity,124987.59,4771910.353945792,501211401,0.009520753811818324,626514251,17.20387516876023,501211401,4771910,Target older groups first
LMIC,0_0_0_0_0_0_0_0_1_1_1_1_1_1_1_1_1,2913363391,27.862932358,39916.34,11126173,60,2.5,0.5599999999999999,0.19999999999999996,0.8,Disease,0.9,Present,365,5000,7,327,30,60,357,1,60,1,mode_disease,sensitivity,124987.59,4956869.3075321745,649398777,0.007633013003347291,811748471,22.290345893894703,649398777,4956869,Target older groups first
LMIC,0_0_0_0_0_0_0_1_1_1_1_1_1_1_1_1_1,2913363391,35.507114895,37388.75,14182934,60,2.5,0.5599999999999999,0.19999999999999996,0.8,Disease,0.9,Present,365,5000,7,327,30,60,357,1,60,1,mode_disease,sensitivity,124987.59,5104145.0710013285,827561030,0.006167696267286376,1034451287,28.40569194205269,827561030,5104145,Target older groups first
LMIC,0_0_0_0_0_0_1_1_1_1_1_1_1_1_1_1_1,2913363391,43.795355885,35975.4,17497863,60,2.5,0.5599999999999999,0.19999999999999996,0.8,Disease,0.9,Present,365,5000,7,327,30,60,357,1,60,1,mode_disease,sensitivity,124987.59,5186497.113974726,1020734292,0.0050811432057849115,1275917865,35.036284699439335,1020734292,5186497,Target older groups first
LMIC,0_0_0_0_0_1_1_1_1_1_1_1_1_1_1_1_1,2913363391,52.570135289,34992.84,21007752,60,2.5,0.5599999999999999,0.19999999999999996,0.8,Disease,0.9,Present,365,5000,7,327,30,60,357,1,60,1,mode_disease,sensitivity,124987.59,5243748.200643945,1225247261,0.00427974692785463,1531559076,42.05610823507461,1225247261,5243748,Target older groups first
LMIC,0_0_0_0_1_1_1_1_1_1_1_1_1_1_1_1_1,2913363391,61.39654081,34301.28,24537821,60,2.5,0.5599999999999999,0.19999999999999996,0.8,Disease,0.9,Present,365,5000,7,327,30,60,357,1,60,1,mode_disease,sensitivity,124987.59,5284043.512377544,1430963474,0.003692647370828317,1788704343,49.11723262606206,1430963474,5284044,Target older groups first
LMIC,0_0_0_1_1_1_1_1_1_1_1_1_1_1_1_1_1,2913363391,70.499357392,33543.96,28178844,60,2.5,0.5599999999999999,0.19999999999999996,0.8,Disease,0.9,Present,365,5000,7,327,30,60,357,1,60,1,mode_disease,sensitivity,124987.59,5328170.479642986,1643121975,0.0032427114722316844,2053902469,56.39948590264963,1643121975,5328170,Target older groups first
LMIC,0_0_1_1_1_1_1_1_1_1_1_1_1_1_1_1_1,2913363391,80.11721242,32792.18,32025478,60,2.5,0.5599999999999999,0.19999999999999996,0.8,Disease,0.9,Present,365,5000,7,327,30,60,357,1,60,1,mode_disease,sensitivity,124987.59,5371974.646244707,1867284430,0.0028768914698592556,2334105537,64.09376996252645,1867284430,5371975,Target older groups first
LMIC,0_1_1_1_1_1_1_1_1_1_1_1_1_1_1_1_1,2913363391,90.083226736,32263.98,36011856,60,2.5,0.5599999999999999,0.19999999999999996,0.8,Disease,0.9,Present,365,5000,7,327,30,60,357,1,60,1,mode_disease,sensitivity,124987.59,5402751.41710723,2099561399,0.002573276217994998,2624451749,72.06658137759239,2099561399,5402751,Target older groups first
LMIC,1_1_1_1_1_1_1_1_1_1_1_1_1_1_1_1_1,2913363391,100.000000001,31969.42,39978434,60,2.5,0.5599999999999999,0.19999999999999996,0.8,Disease,0.9,Present,365,5000,7,327,30,60,357,1,60,1,mode_disease,sensitivity,124987.59,5419914.6235162895,2330690713,0.0023254542499767453,2913363391,80.00000000686491,2330690713,5419915,Target older groups first
LIC,0_0_0_0_0_0_0_0_0_0_0_0_0_0_0_0_1,664957848,0.40741007,123446.82,157006,60,2.5,0.5599999999999999,0.19999999999999996,0.8,Disease,0.9,Present,365,5000,7,327,30,60,357,1,60,1,mode_disease,sensitivity,136696.91,176215.02664412637,2167284,0.08130683907739442,2709105,0.3259280278469621,2167284,176215,Target older groups first
LIC,0_0_0_0_0_0_0_0_0_0_0_0_0_0_0_1_1,664957848,0.895441948,117608.87,349646,60,2.5,0.5599999999999999,0.19999999999999996,0.8,Disease,0.9,Present,365,5000,7,327,30,60,357,1,60,1,mode_disease,sensitivity,136696.91,253854.8400187585,4763450,0.05329223196052461,5954312,0.7163536778048524,4763450,253855,Target older groups first
LIC,0_0_0_0_0_0_0_0_0_0_0_0_0_0_1_1_1,664957848,1.706975825,108882.61,669757,60,2.5,0.5599999999999999,0.19999999999999996,0.8,Disease,0.9,Present,365,5000,7,327,30,60,357,1,60,1,mode_disease,sensitivity,136696.91,369906.741432528,9080536,0.04073622425203357,11350670,1.3655806946728448,9080536,369907,Target older groups first
LIC,0_0_0_0_0_0_0_0_0_0_0_0_0_1_1_1_1,664957848,3.100687627,97500.59,1221908,60,2.5,0.5599999999999999,0.19999999999999996,0.8,Disease,0.9,Present,365,5000,7,327,30,60,357,1,60,1,mode_disease,sensitivity,136696.91,521278.01193438726,16494613,0.03160292547585929,20618266,2.480550165639973,16494613,521278,Target older groups first
LIC,0_0_0_0_0_0_0_0_0_0_0_0_1_1_1_1_1,664957848,5.012047408,86296.69,1981296,60,2.5,0.5599999999999999,0.19999999999999996,0.8,Disease,0.9,Present,365,5000,7,327,30,60,357,1,60,1,mode_disease,sensitivity,136696.91,670280.4365985312,26662402,0.025139536748771313,33328003,4.009637916176605,26662402,670280,Target older groups first
LIC,0_0_0_0_0_0_0_0_0_0_0_1_1_1_1_1_1,664957848,7.472404681,76591.42,2961273,60,2.5,0.5599999999999999,0.19999999999999996,0.8,Disease,0.9,Present,365,5000,7,327,30,60,357,1,60,1,mode_disease,sensitivity,136696.91,799352.3456677104,39750673,0.020109152463607047,49688341,5.977923731490421,39750673,799352,Target older groups first
LIC,0_0_0_0_0_0_0_0_0_0_1_1_1_1_1_1_1,664957848,10.572568673000001,68846.96,4198306,60,2.5,0.5599999999999999,0.19999999999999996,0.8,Disease,0.9,Present,365,5000,7,327,30,60,357,1,60,1,mode_disease,sensitivity,136696.91,902347.134778152,56242500,0.016043865993813248,70303125,8.458054923204696,56242500,902347,Target older groups first
LIC,0_0_0_0_0_0_0_0_0_1_1_1_1_1_1_1_1,664957848,14.450313295,62550.51,5746903,60,2.5,0.5599999999999999,0.19999999999999996,0.8,Disease,0.9,Present,365,5000,7,327,30,60,357,1,60,1,mode_disease,sensitivity,136696.91,986084.611618944,76870794,0.012827818761835362,96088492,11.56025065817405,76870794,986085,Target older groups first
LIC,0_0_0_0_0_0_0_0_1_1_1_1_1_1_1_1_1,664957848,19.19579052,57109.67,7642771,60,2.5,0.5599999999999999,0.19999999999999996,0.8,Disease,0.9,Present,365,5000,7,327,30,60,357,1,60,1,mode_disease,sensitivity,136696.91,1058443.1967731905,102115133,0.01036519437908515,127643916,15.356632500410763,102115133,1058443,Target older groups first
LIC,0_0_0_0_0_0_0_1_1_1_1_1_1_1_1_1_1,664957848,24.761385632,52732.66,9867131,60,2.5,0.5599999999999999,0.19999999999999996,0.8,Disease,0.9,Present,365,5000,7,327,30,60,357,1,60,1,mode_disease,sensitivity,136696.91,1116653.73977868,131722222,0.008477337581977851,164652777,19.809108561720443,131722222,1116654,Target older groups first
LIC,0_0_0_0_0_0_1_1_1_1_1_1_1_1_1_1_1,664957848,31.369080351,49373.97,12508823,60,2.5,0.5599999999999999,0.19999999999999996,0.8,Disease,0.9,Present,365,5000,7,327,30,60,357,1,60,1,mode_disease,sensitivity,136696.91,1161321.4852686625,166872930,0.006959316229780408,208591162,25.095264384337334,166872930,1161321,Target older groups first
LIC,0_0_0_0_0_1_1_1_1_1_1_1_1_1_1_1_1,664957848,39.396925047,46758.27,15718904,60,2.5,0.5599999999999999,0.19999999999999996,0.8,Disease,0.9,Present,365,5000,7,327,30,60,357,1,60,1,mode_disease,sensitivity,136696.91,1196108.0901289345,209578356,0.005707211913918689,261972945,31.51754004112453,209578356,1196108,Target older groups first
LIC,0_0_0_0_1_1_1_1_1_1_1_1_1_1_1_1_1,664957848,49.059783608000004,44477.42,19583106,60,2.5,0.5599999999999999,0.19999999999999996,0.8,Disease,0.9,Present,365,5000,7,327,30,60,357,1,60,1,mode_disease,sensitivity,136696.91,1226441.4722811505,260981505,0.004699342476561704,326226881,39.247826878794875,260981505,1226441,Target older groups first
LIC,0_0_0_1_1_1_1_1_1_1_1_1_1_1_1_1_1,664957848,59.937454808,42410.36,23933284,60,2.5,0.5599999999999999,0.19999999999999996,0.8,Disease,0.9,Present,365,5000,7,327,30,60,357,1,60,1,mode_disease,sensitivity,136696.91,1253931.627666888,318847048,0.003932705780635489,398558810,47.94996389004195,318847048,1253932,Target older groups first
LIC,0_0_1_1_1_1_1_1_1_1_1_1_1_1_1_1_1,664957848,71.965867338,40582.29,28743830,60,2.5,0.5599999999999999,0.19999999999999996,0.8,Disease,0.9,Present,365,5000,7,327,30,60,357,1,60,1,mode_disease,sensitivity,136696.91,1278243.417530755,382834146,0.0033388960473644137,478542683,57.57269384088839,382834146,1278243,Target older groups first
LIC,0_1_1_1_1_1_1_1_1_1_1_1_1_1_1_1_1,664957848,85.159711888,39286.69,34020621,60,2.5,0.5599999999999999,0.19999999999999996,0.8,Disease,0.9,Present,365,5000,7,327,30,60,357,1,60,1,mode_disease,sensitivity,136696.91,1295473.805288131,453020950,0.0028596333242681573,566276188,68.1277695063763,453020950,1295474,Target older groups first
LIC,1_1_1_1_1_1_1_1_1_1_1_1_1_1_1_1_1,664957848,99.999999998,38491.35,39956499,60,2.5,0.5599999999999999,0.19999999999999996,0.8,Disease,0.9,Present,365,5000,7,327,30,60,357,1,60,1,mode_disease,sensitivity,136696.91,1306051.1567846974,531966278,0.002455139000049102,664957848,79.99999993984581,531966278,1306051,Target older groups first
HIC,0_0_0_0_0_0_0_0_0_0_0_0_1_0_0_0_0,1212261796,6.824085755,151126.45,2727454,60,2.5,0.5599999999999999,0.19999999999999996,0.8,Disease,0.9,Present,365,5000,7,327,30,60,357,1,60,1,mode_disease,sensitivity,162146.76,267190.01586153515,66180628,0.004037284405433149,82725785,5.459268634742986,66180628,267190,Target working-age first
HIC,0_0_0_0_0_0_0_0_0_0_0_1_1_0_0_0_0,1212261796,13.205402015,144005.36,5280550,60,2.5,0.5599999999999999,0.19999999999999996,0.8,Disease,0.9,Present,365,5000,7,327,30,60,357,1,60,1,mode_disease,sensitivity,162146.76,439842.5229190886,128067235,0.0034344656791578986,160084044,10.564321619519221,128067235,439843,Target working-age first
HIC,0_0_0_0_0_0_0_0_0_0_1_1_1_0_0_0_0,1212261796,18.875569316,139218.2,7545168,60,2.5,0.5599999999999999,0.19999999999999996,0.8,Disease,0.9,Present,365,5000,7,327,30,60,357,1,60,1,mode_disease,sensitivity,162146.76,555908.3465058751,183057053,0.0030368037668358503,228821316,15.1004554960008,183057053,555908,Target working-age first
HIC,0_0_0_0_0_0_0_0_0_1_1_1_1_0_0_0_0,1212261796,25.283383801,135446.55,10107563,60,2.5,0.5599999999999999,0.19999999999999996,0.8,Disease,0.9,Present,365,5000,7,327,30,60,357,1,60,1,mode_disease,sensitivity,162146.76,647352.8905635438,245200642,0.0026400945983092645,306500803,20.22670703713243,245200642,647353,Target working-age first
HIC,0_0_0_0_0_0_0_0_1_1_1_1_1_0_0_0_0,1212261796,32.338932688,132656.02,12929254,60,2.5,0.5599999999999999,0.19999999999999996,0.8,Disease,0.9,Present,365,5000,7,327,30,60,357,1,60,1,mode_disease,sensitivity,162146.76,715009.9487553813,313626021,0.002279817046261327,392032526,25.871146152988228,313626021,715010,Target working-age first
HIC,0_0_0_0_0_0_0_1_1_1_1_1_1_0_0_0_0,1212261796,39.682791328,130721.83,15865571,60,2.5,0.5599999999999999,0.19999999999999996,0.8,Disease,0.9,Present,365,5000,7,327,30,60,357,1,60,1,mode_disease,sensitivity,162146.76,761904.8416194858,384847455,0.0019797580354325222,481059319,31.746233055421634,384847455,761905,Target working-age first
HIC,0_0_0_0_0_0_1_1_1_1_1_1_1_0_0_0_0,1212261796,47.140116728,129482.13,18847827,60,2.5,0.5599999999999999,0.19999999999999996,0.8,Disease,0.9,Present,365,5000,7,327,30,60,357,1,60,1,mode_disease,sensitivity,162146.76,791961.6605895096,457169301,0.0017323159268185508,571461626,37.71209341979461,457169301,791962,Target working-age first
HIC,0_0_0_0_0_1_1_1_1_1_1_1_1_0_0_0_0,1212261796,53.97122338,128933.64,21580222,60,2.5,0.5599999999999999,0.19999999999999996,0.8,Disease,0.9,Present,365,5000,7,327,30,60,357,1,60,1,mode_disease,sensitivity,162146.76,805259.9300392707,523418018,0.0015384642926357921,654272522,43.176978745604224,523418018,805260,Target working-age first
HIC,0_0_0_0_1_1_1_1_1_1_1_1_1_0_0_0_0,1212261796,59.644561409,128595.49,23849708,60,2.5,0.5599999999999999,0.19999999999999996,0.8,Disease,0.9,Present,365,5000,7,327,30,60,357,1,60,1,mode_disease,sensitivity,162146.76,813458.4565656184,578438585,0.0014063004743185739,723048231,47.71564912039841,578438585,813458,Target working-age first
HIC,0_0_0_1_1_1_1_1_1_1_1_1_1_0_0_0_0,1212261796,64.301454685,128386.71,25715695,60,2.5,0.5599999999999999,0.19999999999999996,0.8,Disease,0.9,Present,365,5000,7,327,30,60,357,1,60,1,mode_disease,sensitivity,162146.76,818520.3769209961,623601575,0.0013125694498430775,779501969,51.44116370388364,623601575,818520,Target working-age first
HIC,0_0_0_1_1_1_1_1_1_1_1_1_1_1_0_0_0,1212261796,70.540767634,118020.84,28208087,60,2.5,0.5599999999999999,0.19999999999999996,0.8,Disease,0.9,Present,365,5000,7,327,30,60,357,1,60,1,mode_disease,sensitivity,162146.76,1069843.3405870467,684111022,0.001563844620636497,855138777,56.43261416447376,684111022,1069843,Target working-age first
HIC,0_0_1_1_1_1_1_1_1_1_1_1_1_1_0_0_0,1212261796,75.153044239,117882.22,30053675,60,2.5,0.5599999999999999,0.19999999999999996,0.8,Disease,0.9,Present,365,5000,7,327,30,60,357,1,60,1,mode_disease,sensitivity,162146.76,1073204.215190277,728841315,0.0014724799390438174,911051644,60.12243538523588,728841315,1073204,Target working-age first
HIC,0_0_1_1_1_1_1_1_1_1_1_1_1_1_1_0_0,1212261796,81.487705503,100336.65,32580951,60,2.5,0.5599999999999999,0.19999999999999996,0.8,Disease,0.9,Present,365,5000,7,327,30,60,357,1,60,1,mode_disease,sensitivity,162146.76,1498600.6991911517,790275458,0.0018963017064495835,987844322,65.19016441890741,790275458,1498601,Target working-age first
HIC,0_1_1_1_1_1_1_1_1_1_1_1_1_1_1_0_0,1212261796,86.340730944,100246.25,34522048,60,2.5,0.5599999999999999,0.19999999999999996,0.8,Disease,0.9,Present,365,5000,7,327,30,60,357,1,60,1,mode_disease,sensitivity,162146.76,1500792.4685183193,837340557,0.0017923322319377932,1046675696,69.07258479669188,837340557,1500792,Target working-age first
HIC,0_1_1_1_1_1_1_1_1_1_1_1_1_1_1_1_0,1212261796,90.235290654,85880.16,36077014,60,2.5,0.5599999999999999,0.19999999999999996,0.8,Disease,0.9,Present,365,5000,7,327,30,60,357,1,60,1,mode_disease,sensitivity,162146.76,1849101.7098162721,875110364,0.00211299258436586,1093887955,72.18823251607279,875110364,1849102,Target working-age first
HIC,1_1_1_1_1_1_1_1_1_1_1_1_1_1_1_1_0,1212261796,95.144030312,85833.82,38040523,60,2.5,0.5599999999999999,0.19999999999999996,0.8,Disease,0.9,Present,365,5000,7,327,30,60,357,1,60,1,mode_disease,sensitivity,162146.76,1850225.2340488047,922715785,0.0020051951696220885,1153394731,76.11522428939104,922715785,1850225,Target working-age first
HIC,1_1_1_1_1_1_1_1_1_1_1_1_1_1_1_1_1,1212261796,100,43778.83,39974065,60,2.5,0.5599999999999999,0.19999999999999996,0.8,Disease,0.9,Present,365,5000,7,327,30,60,357,1,60,1,mode_disease,sensitivity,162146.76,2869858.3882120457,969809437,0.00295919825,1212261796,80.00000001649809,969809437,2869858,Target working-age first
UMIC,0_0_0_0_0_0_0_0_0_0_0_0_1_0_0_0_0,2855862789,5.081808406,100679.77,2031296,60,2.5,0.5599999999999999,0.19999999999999996,0.8,Disease,0.9,Present,365,5000,7,327,30,60,357,1,60,1,mode_disease,sensitivity,108457.08,444218.6045503517,116103580,0.0038260543189789814,145129475,4.06544671709016,116103580,444219,Target working-age first
UMIC,0_0_0_0_0_0_0_0_0_0_0_1_1_0_0_0_0,2855862789,10.616873595000001,95445.72,4245780,60,2.5,0.5599999999999999,0.19999999999999996,0.8,Disease,0.9,Present,365,5000,7,327,30,60,357,1,60,1,mode_disease,sensitivity,108457.08,743173.1771656608,242562674,0.0030638398120628645,303203342,8.49349888006822,242562674,743173,Target working-age first
UMIC,0_0_0_0_0_0_0_0_0_0_1_1_1_0_0_0_0,2855862789,15.87554102,91516.74,6347527,60,2.5,0.5599999999999999,0.19999999999999996,0.8,Disease,0.9,Present,365,5000,7,327,30,60,357,1,60,1,mode_disease,sensitivity,108457.08,967585.732780165,362706935,0.0026676791642342395,453383669,12.700432821809493,362706935,967586,Target working-age first
UMIC,0_0_0_0_0_0_0_0_0_1_1_1_1_0_0_0_0,2855862789,21.48348279,88808.1,8589825,60,2.5,0.5599999999999999,0.19999999999999996,0.8,Disease,0.9,Present,365,5000,7,327,30,60,357,1,60,1,mode_disease,sensitivity,108457.08,1122295.8164761043,490831033,0.002286521719041999,613538791,17.186786245142677,490831033,1122296,Target working-age first
UMIC,0_0_0_0_0_0_0_0_1_1_1_1_1_0_0_0_0,2855862789,27.314497996,87033.91,10921341,60,2.5,0.5599999999999999,0.19999999999999996,0.8,Disease,0.9,Present,365,5000,7,327,30,60,357,1,60,1,mode_disease,sensitivity,108457.08,1223632.6805084224,624051667,0.0019607874546273244,780064584,21.851598382235863,624051667,1223633,Target working-age first
UMIC,0_0_0_0_0_0_0_1_1_1_1_1_1_0_0_0_0,2855862789,35.193167376,85353.98,14072929,60,2.5,0.5599999999999999,0.19999999999999996,0.8,Disease,0.9,Present,365,5000,7,327,30,60,357,1,60,1,mode_disease,sensitivity,108457.08,1319585.6720109184,804054857,0.001641163734509101,1005068571,28.15453389767179,804054857,1319586,Target working-age first
UMIC,0_0_0_0_0_0_1_1_1_1_1_1_1_0_0_0_0,2855862789,43.498431376,84399.62,17393956,60,2.5,0.5599999999999999,0.19999999999999996,0.8,Disease,0.9,Present,365,5000,7,327,30,60,357,1,60,1,mode_disease,sensitivity,108457.08,1374096.096237119,993804412,0.0013826625029330116,1242255515,34.79874508774938,993804412,1374096,Target working-age first
UMIC,0_0_0_0_0_1_1_1_1_1_1_1_1_0_0_0_0,2855862789,52.02143638,83740.53,20803696,60,2.5,0.5599999999999999,0.19999999999999996,0.8,Disease,0.9,Present,365,5000,7,327,30,60,357,1,60,1,mode_disease,sensitivity,108457.08,1411741.5083491593,1188528675,0.0011878060142098675,1485660844,41.61714910036597,1188528675,1411742,Target working-age first
UMIC,0_0_0_0_1_1_1_1_1_1_1_1_1_0_0_0_0,2855862789,59.752575121,83347.14,23896267,60,2.5,0.5599999999999999,0.19999999999999996,0.8,Disease,0.9,Present,365,5000,7,327,30,60,357,1,60,1,mode_disease,sensitivity,108457.08,1434210.8656004535,1365161246,0.0010505798264406154,1706451558,47.80206007299183,1365161246,1434211,Target working-age first
UMIC,0_0_0_1_1_1_1_1_1_1_1_1_1_0_0_0_0,2855862789,66.43055839499999,83044.59,26566517,60,2.5,0.5599999999999999,0.19999999999999996,0.8,Disease,0.9,Present,365,5000,7,327,30,60,357,1,60,1,mode_disease,sensitivity,108457.08,1451491.6913366923,1517732478,9.563554264024038e-4,1897165598,53.144446709620965,1517732478,1451492,Target working-age first
UMIC,0_0_0_1_1_1_1_1_1_1_1_1_1_1_0_0_0,2855862789,69.85931264999999,75024.9,27936337,60,2.5,0.5599999999999999,0.19999999999999996,0.8,Disease,0.9,Present,365,5000,7,327,30,60,357,1,60,1,mode_disease,sensitivity,108457.08,1909554.3763430007,1596068892,0.0011964109984697942,1995086115,55.88745013057418,1596068892,1909554,Target working-age first
UMIC,0_0_1_1_1_1_1_1_1_1_1_1_1_1_0_0_0,2855862789,77.52290724299999,74800.73,31001644,60,2.5,0.5599999999999999,0.19999999999999996,0.8,Disease,0.9,Present,365,5000,7,327,30,60,357,1,60,1,mode_disease,sensitivity,108457.08,1922358.3515712034,1771158289,0.0010853678995326585,2213947861,62.01832580409731,1771158289,1922358,Target working-age first
UMIC,0_0_1_1_1_1_1_1_1_1_1_1_1_1_1_0_0,2855862789,80.005154686,66210.05,31992577,60,2.5,0.5599999999999999,0.19999999999999996,0.8,Disease,0.9,Present,365,5000,7,327,30,60,357,1,60,1,mode_disease,sensitivity,108457.08,2413034.4184553334,1827869954,0.0013201346265065328,2284837442,64.00412376394459,1827869954,2413034,Target working-age first
UMIC,0_1_1_1_1_1_1_1_1_1_1_1_1_1_1_0_0,2855862789,88.109563719,66066.41,35234376,60,2.5,0.5599999999999999,0.19999999999999996,0.8,Disease,0.9,Present,365,5000,7,327,30,60,357,1,60,1,mode_disease,sensitivity,108457.08,2421238.7410755726,2013030595,0.0012027828822076792,2516288244,70.48765097376672,2013030595,2421239,Target working-age first
UMIC,0_1_1_1_1_1_1_1_1_1_1_1_1_1_1_1_0,2855862789,89.882597607,56814.9,35941457,60,2.5,0.5599999999999999,0.19999999999999996,0.8,Disease,0.9,Present,365,5000,7,327,30,60,357,1,60,1,mode_disease,sensitivity,108457.08,2949659.6040968006,2053538927,0.0014363787144258651,2566923659,71.90607808294112,2053538927,2949660,Target working-age first
UMIC,1_1_1_1_1_1_1_1_1_1_1_1_1_1_1_1_0,2855862789,97.89191158999999,56738.09,39144957,60,2.5,0.5599999999999999,0.19999999999999996,0.8,Disease,0.9,Present,365,5000,7,327,30,60,357,1,60,1,mode_disease,sensitivity,108457.08,2954046.7805132624,2236526942,0.0013208187775669937,2795658677,78.31352929890359,2236526942,2954047,Target working-age first
UMIC,1_1_1_1_1_1_1_1_1_1_1_1_1_1_1_1_1,2855862789,100.000000002,30142.93,39982182,60,2.5,0.5599999999999999,0.19999999999999996,0.8,Disease,0.9,Present,365,5000,7,327,30,60,357,1,60,1,mode_disease,sensitivity,108457.08,4473089.336743287,2284690231,0.0019578537499608424,2855862789,79.99999999299686,2284690231,4473089,Target working-age first
LMIC,0_0_0_0_0_0_0_0_0_0_0_0_1_0_0_0_0,2913363391,3.008957282,111103.13,1201079,60,2.5,0.5599999999999999,0.19999999999999996,0.8,Disease,0.9,Present,365,5000,7,327,30,60,357,1,60,1,mode_disease,sensitivity,124987.59,809009.5493560766,70129488,0.011535939778090868,87661860,2.407165828219196,70129488,809010,Target working-age first
LMIC,0_0_0_0_0_0_0_0_0_0_0_1_1_0_0_0_0,2913363391,6.53250015,101034.83,2608932,60,2.5,0.5599999999999999,0.19999999999999996,0.8,Disease,0.9,Present,365,5000,7,327,30,60,357,1,60,1,mode_disease,sensitivity,124987.59,1395661.8819481828,152252374,0.009166765958665914,190315468,5.22600010936981,152252374,1395662,Target working-age first
LMIC,0_0_0_0_0_0_0_0_0_0_1_1_1_0_0_0_0,2913363391,10.667133214,92166.39,4260650,60,2.5,0.5599999999999999,0.19999999999999996,0.8,Disease,0.9,Present,365,5000,7,327,30,60,357,1,60,1,mode_disease,sensitivity,124987.59,1912401.6505737838,248617883,0.007692132305267374,310772354,8.533706566370457,248617883,1912402,Target working-age first
LMIC,0_0_0_0_0_0_0_0_0_1_1_1_1_0_0_0_0,2913363391,15.82735985,85829.3,6325444,60,2.5,0.5599999999999999,0.19999999999999996,0.8,Disease,0.9,Present,365,5000,7,327,30,60,357,1,60,1,mode_disease,sensitivity,124987.59,2281646.5708032274,368886806,0.006185221409494898,461108508,12.661887876382668,368886806,2281647,Target working-age first
LMIC,0_0_0_0_0_0_0_0_1_1_1_1_1_0_0_0_0,2913363391,22.185448258999998,82037.98,8865854,60,2.5,0.5599999999999999,0.19999999999999996,0.8,Disease,0.9,Present,365,5000,7,327,30,60,357,1,60,1,mode_disease,sensitivity,124987.59,2502556.4286345504,517074182,0.004839840229797541,646342728,17.748358601517143,517074182,2502556,Target working-age first
LMIC,0_0_0_0_0_0_0_1_1_1_1_1_1_0_0_0_0,2913363391,29.829630796,79446.49,11923269,60,2.5,0.5599999999999999,0.19999999999999996,0.8,Disease,0.9,Present,365,5000,7,327,30,60,357,1,60,1,mode_disease,sensitivity,124987.59,2653555.4705174016,695236434,0.0038167669851035175,869045543,23.86370461535054,695236434,2653555,Target working-age first
LMIC,0_0_0_0_0_0_1_1_1_1_1_1_1_0_0_0_0,2913363391,38.117871786,78002.38,15238162,60,2.5,0.5599999999999999,0.19999999999999996,0.8,Disease,0.9,Present,365,5000,7,327,30,60,357,1,60,1,mode_disease,sensitivity,124987.59,2737699.8146489416,888409698,0.003081573537459192,1110512122,30.494297441386365,888409698,2737700,Target working-age first
LMIC,0_0_0_0_0_1_1_1_1_1_1_1_1_0_0_0_0,2913363391,46.89265119,76996.39,18747586,60,2.5,0.5599999999999999,0.19999999999999996,0.8,Disease,0.9,Present,365,5000,7,327,30,60,357,1,60,1,mode_disease,sensitivity,124987.59,2796316.103403184,1092922666,0.002558567215870824,1366153333,37.514120942697055,1092922666,2796316,Target working-age first
LMIC,0_0_0_0_1_1_1_1_1_1_1_1_1_0_0_0_0,2913363391,55.719056711,76286.37,22278605,60,2.5,0.5599999999999999,0.19999999999999996,0.8,Disease,0.9,Present,365,5000,7,327,30,60,357,1,60,1,mode_disease,sensitivity,124987.59,2837687.02890074,1298638880,0.0021851240345201967,1623298600,44.575245368009085,1298638880,2837687,Target working-age first
LMIC,0_0_0_1_1_1_1_1_1_1_1_1_1_0_0_0_0,2913363391,64.821873293,75514.06,25918940,60,2.5,0.5599999999999999,0.19999999999999996,0.8,Disease,0.9,Present,365,5000,7,327,30,60,357,1,60,1,mode_disease,sensitivity,124987.59,2882687.422510804,1510797381,0.0019080569369067648,1888496726,51.857498644596646,1510797381,2882687,Target working-age first
LMIC,0_0_0_1_1_1_1_1_1_1_1_1_1_1_0_0_0,2913363391,67.077451555,65921.58,26818500,60,2.5,0.5599999999999999,0.19999999999999996,0.8,Disease,0.9,Present,365,5000,7,327,30,60,357,1,60,1,mode_disease,sensitivity,124987.59,3441615.0237287977,1563367934,0.002201410780773661,1954209917,53.66196125171258,1563367934,3441615,Target working-age first
LMIC,0_0_1_1_1_1_1_1_1_1_1_1_1_1_0_0_0,2913363391,76.695306583,65158.82,30665428,60,2.5,0.5599999999999999,0.19999999999999996,0.8,Disease,0.9,Present,365,5000,7,327,30,60,357,1,60,1,mode_disease,sensitivity,124987.59,3486058.964931181,1787530388,0.0019502096238201044,2234412985,61.35624527726483,1787530388,3486059,Target working-age first
LMIC,0_0_1_1_1_1_1_1_1_1_1_1_1_1_1_0_0,2913363391,77.95442531,57720.76,31166900,60,2.5,0.5599999999999999,0.19999999999999996,0.8,Disease,0.9,Present,365,5000,7,327,30,60,357,1,60,1,mode_disease,sensitivity,124987.59,3919454.3990124096,1816876551,0.0021572486017471474,2271095689,62.363540250856396,1816876551,3919454,Target working-age first
LMIC,0_1_1_1_1_1_1_1_1_1_1_1_1_1_1_0_0,2913363391,87.920439626,57187.04,35153456,60,2.5,0.5599999999999999,0.19999999999999996,0.8,Disease,0.9,Present,365,5000,7,327,30,60,357,1,60,1,mode_disease,sensitivity,124987.59,3950552.8051933004,2049153521,0.0019278949891633015,2561441901,70.33635170024692,2049153521,3950553,Target working-age first
LMIC,0_1_1_1_1_1_1_1_1_1_1_1_1_1_1_1_0,2913363391,88.933202146,49626.11,35556378,60,2.5,0.5599999999999999,0.19999999999999996,0.8,Disease,0.9,Present,365,5000,7,327,30,60,357,1,60,1,mode_disease,sensitivity,124987.59,4391107.538471573,2072757883,0.0021184855088283126,2590947354,71.14656171637189,2072757883,4391108,Target working-age first
LMIC,1_1_1_1_1_1_1_1_1_1_1_1_1_1_1_1_0,2913363391,98.849975411,49327.72,39523018,60,2.5,0.5599999999999999,0.19999999999999996,0.8,Disease,0.9,Present,365,5000,7,327,30,60,357,1,60,1,mode_disease,sensitivity,124987.59,4408493.908516383,2303887197,0.0019135024992525335,2879858996,79.07998034564443,2303887197,4408494,Target working-age first
LMIC,1_1_1_1_1_1_1_1_1_1_1_1_1_1_1_1_1,2913363391,100.000000001,31969.42,39978434,60,2.5,0.5599999999999999,0.19999999999999996,0.8,Disease,0.9,Present,365,5000,7,327,30,60,357,1,60,1,mode_disease,sensitivity,124987.59,5419914.6235162895,2330690713,0.0023254542499767453,2913363391,80.00000000686491,2330690713,5419915,Target working-age first
LIC,0_0_0_0_0_0_0_0_0_0_0_0_1_0_0_0_0,664957848,1.911359781,125393.08,759516,60,2.5,0.5599999999999999,0.19999999999999996,0.8,Disease,0.9,Present,365,5000,7,327,30,60,357,1,60,1,mode_disease,sensitivity,136696.91,150331.40941915681,10167790,0.014785063116277844,12709737,1.5290879009221048,10167790,150331,Target working-age first
LIC,0_0_0_0_0_0_0_0_0_0_0_1_1_0_0_0_0,664957848,4.371717054,115609.56,1739559,60,2.5,0.5599999999999999,0.19999999999999996,0.8,Disease,0.9,Present,365,5000,7,327,30,60,357,1,60,1,mode_disease,sensitivity,136696.91,280443.9775204561,23256061,0.012058963182844634,29070076,3.49737371623592,23256061,280444,Target working-age first
LIC,0_0_0_0_0_0_0_0_0_0_1_1_1_0_0_0_0,664957848,7.471881046,107805.75,2976694,60,2.5,0.5599999999999999,0.19999999999999996,0.8,Disease,0.9,Present,365,5000,7,327,30,60,357,1,60,1,mode_disease,sensitivity,136696.91,384228.07159647363,39747887,0.009666628731819348,49684859,5.977504757564723,39747887,384228,Target working-age first
LIC,0_0_0_0_0_0_0_0_0_1_1_1_1_0_0_0_0,664957848,11.349625668,101462.81,4525467,60,2.5,0.5599999999999999,0.19999999999999996,0.8,Disease,0.9,Present,365,5000,7,327,30,60,357,1,60,1,mode_disease,sensitivity,136696.91,468583.8262443361,60376182,0.007761070944247464,75470227,9.07970064291955,60376182,468584,Target working-age first
LIC,0_0_0_0_0_0_0_0_1_1_1_1_1_0_0_0_0,664957848,16.095102893,95991.26,6421189,60,2.5,0.5599999999999999,0.19999999999999996,0.8,Disease,0.9,Present,365,5000,7,327,30,60,357,1,60,1,mode_disease,sensitivity,136696.91,541350.8285088241,85620520,0.006322676262247366,107025650,12.87608233477079,85620520,541351,Target working-age first
LIC,0_0_0_0_0_0_0_1_1_1_1_1_1_0_0_0_0,664957848,21.660698005,91586.2,8645688,60,2.5,0.5599999999999999,0.19999999999999996,0.8,Disease,0.9,Present,365,5000,7,327,30,60,357,1,60,1,mode_disease,sensitivity,136696.91,599934.4128670417,115227609,0.005206516196937303,144034511,17.328558396080467,115227609,599934,Target working-age first
LIC,0_0_0_0_0_0_1_1_1_1_1_1_1_0_0_0_0,664957848,28.268392724,88205.76,11287139,60,2.5,0.5599999999999999,0.19999999999999996,0.8,Disease,0.9,Present,365,5000,7,327,30,60,357,1,60,1,mode_disease,sensitivity,136696.91,644891.4150209042,150378317,0.004288460125186989,187972896,22.61471421869736,150378317,644891,Target working-age first
LIC,0_0_0_0_0_1_1_1_1_1_1_1_1_0_0_0_0,664957848,36.296237420000004,85569.47,14497346,60,2.5,0.5599999999999999,0.19999999999999996,0.8,Disease,0.9,Present,365,5000,7,327,30,60,357,1,60,1,mode_disease,sensitivity,136696.91,679951.8495229825,193083743,0.0035215385694377576,241354679,29.036989875484558,193083743,679952,Target working-age first
LIC,0_0_0_0_1_1_1_1_1_1_1_1_1_0_0_0_0,664957848,45.959095981000004,83268.15,18361642,60,2.5,0.5599999999999999,0.19999999999999996,0.8,Disease,0.9,Present,365,5000,7,327,30,60,357,1,60,1,mode_disease,sensitivity,136696.91,710557.4654181697,244486893,0.0029063213091750128,305608616,36.767276863540374,244486893,710557,Target working-age first
LIC,0_0_0_1_1_1_1_1_1_1_1_1_1_0_0_0_0,664957848,56.836767181,81184.08,22711817,60,2.5,0.5599999999999999,0.19999999999999996,0.8,Disease,0.9,Present,365,5000,7,327,30,60,357,1,60,1,mode_disease,sensitivity,136696.91,738273.8394637968,302352435,0.002441765812577629,377940544,45.46941372440197,302352435,738274,Target working-age first
LIC,0_0_0_1_1_1_1_1_1_1_1_1_1_1_0_0_0,664957848,58.230478983,69845.02,23263538,60,2.5,0.5599999999999999,0.19999999999999996,0.8,Disease,0.9,Present,365,5000,7,327,30,60,357,1,60,1,mode_disease,sensitivity,136696.91,889073.7781826544,309766512,0.0028701416838558444,387208140,46.5843831953691,309766512,889074,Target working-age first
LIC,0_0_1_1_1_1_1_1_1_1_1_1_1_1_0_0_0,664957848,70.25889151300001,68007.73,28074059,60,2.5,0.5599999999999999,0.19999999999999996,0.8,Disease,0.9,Present,365,5000,7,327,30,60,357,1,60,1,mode_disease,sensitivity,136696.91,913508.1862736929,373753610,0.002444145449807247,467192013,56.20711314621555,373753610,913508,Target working-age first
LIC,0_0_1_1_1_1_1_1_1_1_1_1_1_1_1_0_0,664957848,71.07042539,59351.42,28394218,60,2.5,0.5599999999999999,0.19999999999999996,0.8,Disease,0.9,Present,365,5000,7,327,30,60,357,1,60,1,mode_disease,sensitivity,136696.91,1028629.8116581104,378070697,0.002720734031616016,472588371,56.85634031346901,378070697,1028630,Target working-age first
LIC,0_1_1_1_1_1_1_1_1_1_1_1_1_1_1_0_0,664957848,84.26426994,58049.9,33671234,60,2.5,0.5599999999999999,0.19999999999999996,0.8,Disease,0.9,Present,365,5000,7,327,30,60,357,1,60,1,mode_disease,sensitivity,136696.91,1045938.9304246897,448257501,0.0023333439563411706,560321876,67.41141597895691,448257501,1045939,Target working-age first
LIC,0_1_1_1_1_1_1_1_1_1_1_1_1_1_1_1_0,664957848,84.752301818,52299.36,33863710,60,2.5,0.5599999999999999,0.19999999999999996,0.8,Disease,0.9,Present,365,5000,7,327,30,60,357,1,60,1,mode_disease,sensitivity,136696.91,1122416.264489448,450853666,0.0024895356288150783,563567082,67.80184147852933,450853666,1122416,Target working-age first
LIC,1_1_1_1_1_1_1_1_1_1_1_1_1_1_1_1_0,664957848,99.592589928,51500.32,39799537,60,2.5,0.5599999999999999,0.19999999999999996,0.8,Disease,0.9,Present,365,5000,7,327,30,60,357,1,60,1,mode_disease,sensitivity,136696.91,1133042.8228667665,529798994,0.0021386277347941367,662248743,79.67407191199885,529798994,1133043,Target working-age first
LIC,1_1_1_1_1_1_1_1_1_1_1_1_1_1_1_1_1,664957848,99.999999998,38491.35,39956499,60,2.5,0.5599999999999999,0.19999999999999996,0.8,Disease,0.9,Present,365,5000,7,327,30,60,357,1,60,1,mode_disease,sensitivity,136696.91,1306051.1567846974,531966278,0.002455139000049102,664957848,79.99999993984581,531966278,1306051,Target working-age first
HIC,0_0_0_0_0_0_0_0_0_0_0_0_0_0_0_0_0,1212261796,0,162146.76,0,60,2.5,0.5599999999999999,0.19999999999999996,0.8,Disease,0.9,Present,365,5000,7,327,30,60,357,1,60,1,mode_disease,sensitivity,162146.76,0,0,NA,0,0,0,0,Optimal
HIC,0_0_0_0_0_0_0_0_0_0_0_0_0_0_0_1_0,1212261796,3.89455971,147185.06,1555130,60,2.5,0.5599999999999999,0.19999999999999996,0.8,Disease,0.9,Present,365,5000,7,327,30,60,357,1,60,1,mode_disease,sensitivity,162146.76,362749.9462642643,37769807,0.009604230718034115,47212259,3.115647719380905,37769807,362750,Optimal
HIC,0_0_0_0_0_0_0_0_0_0_0_0_0_0_0_0_1,1212261796,4.855969688,117880.44,1934127,60,2.5,0.5599999999999999,0.19999999999999996,0.8,Disease,0.9,Present,365,5000,7,327,30,60,357,1,60,1,mode_disease,sensitivity,162146.76,1073247.3717102145,47093652,0.022789639785741597,58867065,3.8847757271070518,47093652,1073247,Optimal
HIC,0_0_0_0_0_0_0_0_0_0_0_0_0_0_0_1_1,1212261796,8.750529398,103515.65,3488583,60,2.5,0.5599999999999999,0.19999999999999996,0.8,Disease,0.9,Present,365,5000,7,327,30,60,357,1,60,1,mode_disease,sensitivity,162146.76,1421525.0942014717,84863460,0.01675073225095404,106079325,7.000423528978389,84863460,1421525,Optimal
HIC,0_0_0_0_0_0_0_0_0_0_0_0_0_0_1_0_1,1212261796,11.190630952,100234.97,4466042,60,2.5,0.5599999999999999,0.19999999999999996,0.8,Disease,0.9,Present,365,5000,7,327,30,60,357,1,60,1,mode_disease,sensitivity,162146.76,1501065.9547794969,108527795,0.013831166058812589,135659744,8.952504760778588,108527795,1501066,Optimal
HIC,0_0_0_0_0_0_0_0_0_0_1_0_0_0_0_1_1,1212261796,14.420696699,98815.59,5757898,60,2.5,0.5599999999999999,0.19999999999999996,0.8,Disease,0.9,Present,365,5000,7,327,30,60,357,1,60,1,mode_disease,sensitivity,162146.76,1535479.1577396267,139853278,0.010979214687386028,174816597,11.536557405459966,139853278,1535479,Optimal
HIC,0_0_0_0_0_0_0_0_0_0_0_0_0_1_0_1_1,1212261796,14.989842347,93212.55,5982912,60,2.5,0.5599999999999999,0.19999999999999996,0.8,Disease,0.9,Present,365,5000,7,327,30,60,357,1,60,1,mode_disease,sensitivity,162146.76,1671326.1844088233,145372906,0.011496820380802101,181716132,11.991873907078071,145372906,1671326,Optimal
HIC,0_0_0_0_0_0_0_0_0_0_0_0_0_0_1_1_1,1212261796,15.085190662,86043.66,6021241,60,2.5,0.5599999999999999,0.19999999999999996,0.8,Disease,0.9,Present,365,5000,7,327,30,60,357,1,60,1,mode_disease,sensitivity,162146.76,1845137.613743352,146297602,0.012612220439431658,182872003,12.068152480159492,146297602,1845138,Optimal
HIC,0_0_1_0_0_0_0_0_0_0_0_0_0_0_1_1_1,1212261796,19.697467267,85942.07,7863901,60,2.5,0.5599999999999999,0.19999999999999996,0.8,Disease,0.9,Present,365,5000,7,327,30,60,357,1,60,1,mode_disease,sensitivity,162146.76,1847600.687260465,191027896,0.009671889406775273,238784870,15.757973783412044,191027896,1847601,Optimal
HIC,0_0_0_1_0_0_0_0_0_0_0_0_0_0_1_1_1,1212261796,19.742083938,85872.36,7881885,60,2.5,0.5599999999999999,0.19999999999999996,0.8,Disease,0.9,Present,365,5000,7,327,30,60,357,1,60,1,mode_disease,sensitivity,162146.76,1849290.8226564482,191460593,0.009658858740488049,239325741,15.793667146135157,191460593,1849291,Optimal
HIC,0_0_0_0_0_0_0_0_0_0_1_0_0_0_1_1_1,1212261796,20.755357963,81438.34,8286261,60,2.5,0.5599999999999999,0.19999999999999996,0.8,Disease,0.9,Present,365,5000,7,327,30,60,357,1,60,1,mode_disease,sensitivity,162146.76,1956794.6836304467,201287420,0.00972139581305664,251609275,16.604286356641072,201287420,1956795,Optimal
HIC,0_0_0_0_0_0_0_0_0_0_0_0_0_1_1_1_1,1212261796,21.324503611,75927.75,8512693,60,2.5,0.5599999999999999,0.19999999999999996,0.8,Disease,0.9,Present,365,5000,7,327,30,60,357,1,60,1,mode_disease,sensitivity,162146.76,2090400.2382388394,206807048,0.01010797385636739,258508810,17.059602858259172,206807048,2090400,Optimal
HIC,0_0_0_0_0_0_0_0_0_0_0_0_1_0_1_1_1,1212261796,21.909276417,75466.9,8746407,60,2.5,0.5599999999999999,0.19999999999999996,0.8,Disease,0.9,Present,365,5000,7,327,30,60,357,1,60,1,mode_disease,sensitivity,162146.76,2101573.6552125714,212478230,0.00989077164738571,265597788,17.527421114902477,212478230,2101574,Optimal
HIC,0_0_0_0_0_0_0_0_0_0_1_0_0_1_1_1_1,1212261796,26.994670912,71329.55,10779278,60,2.5,0.5599999999999999,0.19999999999999996,0.8,Disease,0.9,Present,365,5000,7,327,30,60,357,1,60,1,mode_disease,sensitivity,162146.76,2201884.6820461834,261796866,0.008410660968608884,327246082,21.595736734740754,261796866,2201885,Optimal
HIC,0_0_0_0_0_0_0_0_0_0_0_1_0_1_1_1_1,1212261796,27.705819871,69100.78,11063611,60,2.5,0.5599999999999999,0.19999999999999996,0.8,Disease,0.9,Present,365,5000,7,327,30,60,357,1,60,1,mode_disease,sensitivity,162146.76,2255921.7365076016,268693656,0.00839588761794704,335867070,22.164655925525842,268693656,2255922,Optimal
HIC,0_0_0_0_0_0_0_0_0_0_0_0_1_1_1_1_1,1212261796,28.148589366,65440.64,11240137,60,2.5,0.5599999999999999,0.19999999999999996,0.8,Disease,0.9,Present,365,5000,7,327,30,60,357,1,60,1,mode_disease,sensitivity,162146.76,2344662.6943078307,272987676,0.008588895765129263,341234595,22.51887149300216,272987676,2344663,Optimal
HIC,0_0_1_0_0_0_0_0_0_0_0_0_1_1_1_1_1,1212261796,32.760865971,65304.87,13086216,60,2.5,0.5599999999999999,0.19999999999999996,0.8,Disease,0.9,Present,365,5000,7,327,30,60,357,1,60,1,mode_disease,sensitivity,162146.76,2347954.4699886893,317717970,0.00739005877360848,397147462,26.208692796254713,317717970,2347954,Optimal
HIC,0_0_0_1_0_0_0_0_0_0_0_0_1_1_1_1_1,1212261796,32.805482642,65247.69,13102616,60,2.5,0.5599999999999999,0.19999999999999996,0.8,Disease,0.9,Present,365,5000,7,327,30,60,357,1,60,1,mode_disease,sensitivity,162146.76,2349340.812578595,318150666,0.007384365523397503,397688333,26.24438607648739,318150666,2349341,Optimal
HIC,0_0_0_0_0_0_0_0_0_0_1_1_0_1_1_1_1,1212261796,33.375987172,64529.03,13330217,60,2.5,0.5599999999999999,0.19999999999999996,0.8,Disease,0.9,Present,365,5000,7,327,30,60,357,1,60,1,mode_disease,sensitivity,162146.76,2366764.893824862,323683474,0.007311973238194891,404604342,26.700789802007417,323683474,2366765,Optimal
HIC,0_0_0_0_0_0_0_0_0_0_1_0_1_1_1_1_1,1212261796,33.818756667,60859.09,13509522,60,2.5,0.5599999999999999,0.19999999999999996,0.8,Disease,0.9,Present,365,5000,7,327,30,60,357,1,60,1,mode_disease,sensitivity,162146.76,2455743.4549371065,327977494,0.007487536502105905,409971867,27.055005369483737,327977494,2455743,Optimal
HIC,0_0_0_0_0_0_0_0_0_0_0_1_1_1_1_1_1,1212261796,34.529905626,58698.54,13790707,60,2.5,0.5599999999999999,0.19999999999999996,0.8,Disease,0.9,Present,365,5000,7,327,30,60,357,1,60,1,mode_disease,sensitivity,162146.76,2508126.4994040625,334874283,0.00748975548329522,418592854,27.623924477778395,334874283,2508126,Optimal
HIC,0_0_1_0_0_0_0_0_0_0_0_1_1_1_1_1_1,1212261796,39.142182231,58572.94,15635475,60,2.5,0.5599999999999999,0.19999999999999996,0.8,Disease,0.9,Present,365,5000,7,327,30,60,357,1,60,1,mode_disease,sensitivity,162146.76,2511171.7010356146,379604577,0.006615230302487527,474505721,31.31374578103095,379604577,2511172,Optimal
HIC,0_0_0_1_0_0_0_0_0_0_0_1_1_1_1_1_1,1212261796,39.186798902,58485.37,15656487,60,2.5,0.5599999999999999,0.19999999999999996,0.8,Disease,0.9,Present,365,5000,7,327,30,60,357,1,60,1,mode_disease,sensitivity,162146.76,2513294.856345129,380037274,0.006613285143502075,475046592,31.34943914375406,380037274,2513295,Optimal
HIC,0_0_0_0_0_0_0_0_0_0_1_1_1_1_1_1_1,1212261796,40.200072927,54160.47,16057798,60,2.5,0.5599999999999999,0.19999999999999996,0.8,Disease,0.9,Present,365,5000,7,327,30,60,357,1,60,1,mode_disease,sensitivity,162146.76,2618153.077175537,389864101,0.006715553115792486,487330126,32.160058354259974,389864101,2618153,Optimal
HIC,0_0_1_0_0_0_0_0_0_0_1_1_1_1_1_1_1,1212261796,44.812349532,54031.52,17903141,60,2.5,0.5599999999999999,0.19999999999999996,0.8,Disease,0.9,Present,365,5000,7,327,30,60,357,1,60,1,mode_disease,sensitivity,162146.76,2621279.5003474215,434594394,0.006031553864565623,543242993,35.849879575022094,434594394,2621280,Optimal
HIC,0_0_0_1_0_0_0_0_0_0_1_1_1_1_1_1_1,1212261796,44.856966203,53964.16,17921159,60,2.5,0.5599999999999999,0.19999999999999996,0.8,Disease,0.9,Present,365,5000,7,327,30,60,357,1,60,1,mode_disease,sensitivity,162146.76,2622912.6594389924,435027091,0.006029308776167573,543783864,35.88557293774521,435027091,2622913,Optimal
HIC,0_0_0_0_1_0_0_0_0_0_1_1_1_1_1_1_1,1212261796,45.873410956,53846.59,18326687,60,2.5,0.5599999999999999,0.19999999999999996,0.8,Disease,0.9,Present,365,5000,7,327,30,60,357,1,60,1,mode_disease,sensitivity,162146.76,2625763.1718261065,444884669,0.005902121062235666,556105836,36.6987288115446,444884669,2625763,Optimal
HIC,0_0_0_0_0_0_0_0_0_1_1_1_1_1_1_1_1,1212261796,46.607887412000004,50636.92,18619513,60,2.5,0.5599999999999999,0.19999999999999996,0.8,Disease,0.9,Present,365,5000,7,327,30,60,357,1,60,1,mode_disease,sensitivity,162146.76,2703582.378201453,452007690,0.0059812751763604856,565009613,37.286309895391604,452007690,2703582,Optimal
HIC,0_0_1_0_0_0_0_0_0_1_1_1_1_1_1_1_1,1212261796,51.220164017,50511.65,20464356,60,2.5,0.5599999999999999,0.19999999999999996,0.8,Disease,0.9,Present,365,5000,7,327,30,60,357,1,60,1,mode_disease,sensitivity,162146.76,2706619.578905151,496737984,0.005448787218005991,620922480,40.976131198644154,496737984,2706620,Optimal
HIC,0_0_0_1_0_0_0_0_0_1_1_1_1_1_1_1_1,1212261796,51.264780688,50445.32,20482262,60,2.5,0.5599999999999999,0.19999999999999996,0.8,Disease,0.9,Present,365,5000,7,327,30,60,357,1,60,1,mode_disease,sensitivity,162146.76,2708227.765403725,497170681,0.005447279716254933,621463351,41.01182456136727,497170681,2708228,Optimal
HIC,0_0_0_0_1_0_0_0_0_1_1_1_1_1_1_1_1,1212261796,52.281225441000004,50310.1,20891254,60,2.5,0.5599999999999999,0.19999999999999996,0.8,Disease,0.9,Present,365,5000,7,327,30,60,357,1,60,1,mode_disease,sensitivity,162146.76,2711506.206204827,507028258,0.005347840408131262,633785323,41.82498035267623,507028258,2711506,Optimal
HIC,0_0_0_0_0_1_0_0_0_1_1_1_1_1_1_1_1,1212261796,53.438994064,50119.75,21351871,60,2.5,0.5599999999999999,0.19999999999999996,0.8,Disease,0.9,Present,365,5000,7,327,30,60,357,1,60,1,mode_disease,sensitivity,162146.76,2716121.286862199,518256407,0.0052408831772653396,647820509,42.751195221201215,518256407,2716121,Optimal
HIC,0_0_0_0_0_0_0_0_1_1_1_1_1_1_1_1_1,1212261796,53.663436299,48012.05,21440925,60,2.5,0.5599999999999999,0.19999999999999996,0.8,Disease,0.9,Present,365,5000,7,327,30,60,357,1,60,1,mode_disease,sensitivity,162146.76,2767222.9706107834,520433070,0.0053171543732341495,650541337,42.93074909373784,520433070,2767223,Optimal
HIC,0_0_1_0_0_0_0_0_1_1_1_1_1_1_1_1_1,1212261796,58.275712904,47882.54,23286577,60,2.5,0.5599999999999999,0.19999999999999996,0.8,Disease,0.9,Present,365,5000,7,327,30,60,357,1,60,1,mode_disease,sensitivity,162146.76,2770362.971114782,565163363,0.004901879973061512,706454204,46.62057031449996,565163363,2770363,Optimal
HIC,0_0_0_1_0_0_0_0_1_1_1_1_1_1_1_1_1,1212261796,58.320329575,47821.97,23303368,60,2.5,0.5599999999999999,0.19999999999999996,0.8,Disease,0.9,Present,365,5000,7,327,30,60,357,1,60,1,mode_disease,sensitivity,162146.76,2771831.505054457,565596060,0.004900726334758543,706995075,46.65626367722307,565596060,2771832,Optimal
HIC,0_0_0_0_1_0_0_0_1_1_1_1_1_1_1_1_1,1212261796,59.336774328,47692.91,23711216,60,2.5,0.5599999999999999,0.19999999999999996,0.8,Disease,0.9,Present,365,5000,7,327,30,60,357,1,60,1,mode_disease,sensitivity,162146.76,2774960.595202292,575453637,0.004822214018886733,719317046,47.469419468532024,575453637,2774961,Optimal
HIC,0_0_0_0_0_1_0_0_1_1_1_1_1_1_1_1_1,1212261796,60.494542951,47492.15,24174150,60,2.5,0.5599999999999999,0.19999999999999996,0.8,Disease,0.9,Present,365,5000,7,327,30,60,357,1,60,1,mode_disease,sensitivity,162146.76,2779828.0687655914,586681786,0.004738221185209597,733352233,48.39563433705701,586681786,2779828,Optimal
HIC,0_0_0_0_0_0_0_1_1_1_1_1_1_1_1_1_1,1212261796,61.007294939,46206.64,24377630,60,2.5,0.5599999999999999,0.19999999999999996,0.8,Disease,0.9,Present,365,5000,7,327,30,60,357,1,60,1,mode_disease,sensitivity,162146.76,2810995.5619931105,591654503,0.004751076085078278,739568129,48.80583591368081,591654503,2810996,Optimal
HIC,0_0_1_0_0_0_0_1_1_1_1_1_1_1_1_1_1,1212261796,65.619571544,46080.63,26222562,60,2.5,0.5599999999999999,0.19999999999999996,0.8,Disease,0.9,Present,365,5000,7,327,30,60,357,1,60,1,mode_disease,sensitivity,162146.76,2814050.70417139,636384798,0.004421932636445743,795480997,52.49565729942379,636384798,2814051,Optimal
HIC,0_0_0_1_0_0_0_1_1_1_1_1_1_1_1_1_1,1212261796,65.664188215,46014.49,26240312,60,2.5,0.5599999999999999,0.19999999999999996,0.8,Disease,0.9,Present,365,5000,7,327,30,60,357,1,60,1,mode_disease,sensitivity,162146.76,2815654.284075139,636817494,0.004421446193005373,796021867,52.531350579656475,636817494,2815654,Optimal
HIC,0_0_0_0_1_0_0_1_1_1_1_1_1_1_1_1_1,1212261796,66.680632968,45892.43,26646917,60,2.5,0.5599999999999999,0.19999999999999996,0.8,Disease,0.9,Present,365,5000,7,327,30,60,357,1,60,1,mode_disease,sensitivity,162146.76,2818613.657571534,646675071,0.004358624267101304,808343839,53.34450637096544,646675071,2818614,Optimal
HIC,0_0_0_0_0_1_0_1_1_1_1_1_1_1_1_1_1,1212261796,67.838401591,45691.64,27109947,60,2.5,0.5599999999999999,0.19999999999999996,0.8,Disease,0.9,Present,365,5000,7,327,30,60,357,1,60,1,mode_disease,sensitivity,162146.76,2823481.8584919106,657903221,0.0042916370841883855,822379026,54.27072132198085,657903221,2823482,Optimal
HIC,0_0_0_0_0_0_1_1_1_1_1_1_1_1_1_1_1,1212261796,68.464620339,45047.69,27361378,60,2.5,0.5599999999999999,0.19999999999999996,0.8,Disease,0.9,Present,365,5000,7,327,30,60,357,1,60,1,mode_disease,sensitivity,162146.76,2839094.5781625947,663976349,0.004275897150243014,829970436,54.77169627805378,663976349,2839095,Optimal
HIC,0_0_1_0_0_0_1_1_1_1_1_1_1_1_1_1_1,1212261796,73.076896944,44927.16,29205109,60,2.5,0.5599999999999999,0.19999999999999996,0.8,Disease,0.9,Present,365,5000,7,327,30,60,357,1,60,1,mode_disease,sensitivity,162146.76,2842016.8564480324,708706642,0.004010145644588168,885883303,58.46151749881591,708706642,2842017,Optimal
HIC,0_0_0_1_0_0_1_1_1_1_1_1_1_1_1_1_1,1212261796,73.121513615,44861.03,29222931,60,2.5,0.5599999999999999,0.19999999999999996,0.8,Disease,0.9,Present,365,5000,7,327,30,60,357,1,60,1,mode_disease,sensitivity,162146.76,2843620.193899422,709139339,0.004009959730098511,886424174,58.49721086153902,709139339,2843620,Optimal
HIC,0_0_0_0_1_0_1_1_1_1_1_1_1_1_1_1_1,1212261796,74.137958368,44739.48,29629448,60,2.5,0.5599999999999999,0.19999999999999996,0.8,Disease,0.9,Present,365,5000,7,327,30,60,357,1,60,1,mode_disease,sensitivity,162146.76,2846567.2023254978,718996917,0.0039590812380219335,898746146,59.31036673533841,718996917,2846567,Optimal
HIC,0_0_0_0_0_1_1_1_1_1_1_1_1_1_1_1_1,1212261796,75.295726991,44527.59,30095667,60,2.5,0.5599999999999999,0.19999999999999996,0.8,Disease,0.9,Present,365,5000,7,327,30,60,357,1,60,1,mode_disease,sensitivity,162146.76,2851704.5253645866,730225066,0.0039052405329076264,912781332,60.23658160386339,730225066,2851705,Optimal
HIC,0_0_1_0_0_1_1_1_1_1_1_1_1_1_1_1_1,1212261796,79.908003596,44401.66,31940427,60,2.5,0.5599999999999999,0.19999999999999996,0.8,Disease,0.9,Present,365,5000,7,327,30,60,357,1,60,1,mode_disease,sensitivity,162146.76,2854757.7279239926,774955360,0.003683770545541888,968694200,63.92640290711594,774955360,2854758,Optimal
HIC,0_0_0_1_0_1_1_1_1_1_1_1_1_1_1_1_1,1212261796,79.952620267,44346.56,31955486,60,2.5,0.5599999999999999,0.19999999999999996,0.8,Disease,0.9,Present,365,5000,7,327,30,60,357,1,60,1,mode_disease,sensitivity,162146.76,2856093.6404231843,775388056,0.003683437753716165,969235070,63.96209618734863,775388056,2856094,Optimal
HIC,0_0_0_0_1_1_1_1_1_1_1_1_1_1_1_1_1,1212261796,80.96906502,44225.3,32361917,60,2.5,0.5599999999999999,0.19999999999999996,0.8,Disease,0.9,Present,365,5000,7,327,30,60,357,1,60,1,mode_disease,sensitivity,162146.76,2859033.6177308434,785245634,0.003640941758771466,981557042,64.77525206114801,785245634,2859034,Optimal
HIC,0_0_1_1_0_1_1_1_1_1_1_1_1_1_1_1_1,1212261796,84.564896872,44221.54,33800003,60,2.5,0.5599999999999999,0.19999999999999996,0.8,Disease,0.9,Present,365,5000,7,327,30,60,357,1,60,1,mode_disease,sensitivity,162146.76,2859124.7798179025,820118350,0.0034862343703468118,1025147938,67.65191749060118,820118350,2859125,Optimal
HIC,0_0_1_0_1_1_1_1_1_1_1_1_1_1_1_1_1,1212261796,85.581341625,44099.88,34206639,60,2.5,0.5599999999999999,0.19999999999999996,0.8,Disease,0.9,Present,365,5000,7,327,30,60,357,1,60,1,mode_disease,sensitivity,162146.76,2862074.45521993,829975927,0.003448382490813751,1037469909,68.46507328191014,829975927,2862074,Optimal
HIC,0_0_0_1_1_1_1_1_1_1_1_1_1_1_1_1_1,1212261796,85.625958296,44032.7,34226420,60,2.5,0.5599999999999999,0.19999999999999996,0.8,Disease,0.9,Present,365,5000,7,327,30,60,357,1,60,1,mode_disease,sensitivity,162146.76,2863703.2501690355,830408624,0.0034485470980567612,1038010780,68.50076664463325,830408624,2863703,Optimal
HIC,0_0_1_1_1_1_1_1_1_1_1_1_1_1_1_1_1,1212261796,90.238234901,43908.14,36069288,60,2.5,0.5599999999999999,0.19999999999999996,0.8,Disease,0.9,Present,365,5000,7,327,30,60,357,1,60,1,mode_disease,sensitivity,162146.76,2866723.236755231,875138918,0.0032757350620199717,1093923647,72.1905879478858,875138918,2866723,Optimal
HIC,0_1_1_1_1_1_1_1_1_1_1_1_1_1_1_1_1,1212261796,95.091260342,43823.47,38010451,60,2.5,0.5599999999999999,0.19999999999999996,0.8,Disease,0.9,Present,365,5000,7,327,30,60,357,1,60,1,mode_disease,sensitivity,162146.76,2868776.080880577,922204016,0.0031107824624062442,1152755020,76.07300824317984,922204016,2868776,Optimal
HIC,1_1_1_1_1_1_1_1_1_1_1_1_1_1_1_1_1,1212261796,100,43778.83,39974065,60,2.5,0.5599999999999999,0.19999999999999996,0.8,Disease,0.9,Present,365,5000,7,327,30,60,357,1,60,1,mode_disease,sensitivity,162146.76,2869858.3882120457,969809437,0.00295919825,1212261796,80.00000001649809,969809437,2869858,Optimal
HIC,1_1_1_1_1_1_1_1_1_1_1_1_1_1_1_1_1,1212261796,100,43778.83,39974065,60,2.5,0.5599999999999999,0.19999999999999996,0.8,Disease,0.9,Present,365,5000,7,327,30,60,357,1,60,1,mode_disease,sensitivity,162146.76,2869858.3882120457,969809437,0.00295919825,1212261796,80.00000001649809,969809437,2869858,Optimal
UMIC,0_0_0_0_0_0_0_0_0_0_0_0_0_0_0_0_0,2855862789,0,108457.08,0,60,2.5,0.5599999999999999,0.19999999999999996,0.8,Disease,0.9,Present,365,5000,7,327,30,60,357,1,60,1,mode_disease,sensitivity,108457.08,0,0,NA,0,0,0,0,Optimal
UMIC,0_0_0_0_0_0_0_0_0_0_0_0_0_0_0_1_0,2855862789,1.773033888,98980.55,707130,60,2.5,0.5599999999999999,0.19999999999999996,0.8,Disease,0.9,Present,365,5000,7,327,30,60,357,1,60,1,mode_disease,sensitivity,108457.08,541273.3879168433,40508332,0.01336202605057033,50635415,1.4184271091743967,40508332,541273,Optimal
UMIC,0_0_0_0_0_0_0_0_0_0_0_0_0_0_0_0_1,2855862789,2.108088412,81208.33,837194,60,2.5,0.5599999999999999,0.19999999999999996,0.8,Disease,0.9,Present,365,5000,7,327,30,60,357,1,60,1,mode_disease,sensitivity,108457.08,1556373.823435275,48163290,0.032314524671842836,60204113,1.6864707291089676,48163290,1556374,Optimal
UMIC,0_0_0_0_0_0_0_0_0_0_0_0_0_0_0_1_1,2855862789,3.8811223,71790.69,1544360,60,2.5,0.5599999999999999,0.19999999999999996,0.8,Disease,0.9,Present,365,5000,7,327,30,60,357,1,60,1,mode_disease,sensitivity,108457.08,2094283.5761592344,88671622,0.023618419599918304,110839528,3.1048978382833643,88671622,2094284,Optimal
UMIC,0_0_0_0_0_0_0_0_0_0_0_0_0_0_1_1_1,2855862789,6.363369743,63060.03,2535399,60,2.5,0.5599999999999999,0.19999999999999996,0.8,Disease,0.9,Present,365,5000,7,327,30,60,357,1,60,1,mode_disease,sensitivity,108457.08,2592954.9165074495,145383287,0.017835302612243635,181729109,5.090695798130658,145383287,2592955,Optimal
UMIC,0_0_0_0_0_0_0_0_0_0_0_0_0_1_1_1_1,2855862789,9.792123998,55061.01,3905603,60,2.5,0.5599999999999999,0.19999999999999996,0.8,Disease,0.9,Present,365,5000,7,327,30,60,357,1,60,1,mode_disease,sensitivity,108457.08,3049836.9878367847,223719701,0.013632402431511774,279649626,7.833699219083876,223719701,3049837,Optimal
UMIC,0_0_0_0_0_0_0_0_0_0_0_0_1_1_1_1_1,2855862789,14.873932404,47524.19,5936161,60,2.5,0.5599999999999999,0.19999999999999996,0.8,Disease,0.9,Present,365,5000,7,327,30,60,357,1,60,1,mode_disease,sensitivity,108457.08,3480319.4635446044,339823281,0.010241556897154768,424779101,11.899145936174037,339823281,3480319,Optimal
UMIC,0_0_0_0_0_0_0_0_0_0_1_0_1_1_1_1_1,2855862789,20.132599829,43716.99,8039165,60,2.5,0.5599999999999999,0.19999999999999996,0.8,Disease,0.9,Present,365,5000,7,327,30,60,357,1,60,1,mode_disease,sensitivity,108457.08,3697776.27975022,459967542,0.008039211347501322,574959427,16.10607987791531,459967542,3697776,Optimal
UMIC,0_0_0_0_0_0_0_0_0_0_0_1_1_1_1_1_1,2855862789,20.408997593,42463.65,8149028,60,2.5,0.5599999999999999,0.19999999999999996,0.8,Disease,0.9,Present,365,5000,7,327,30,60,357,1,60,1,mode_disease,sensitivity,108457.08,3769363.621109525,466282374,0.008083864689982963,582852968,16.327198064136404,466282374,3769364,Optimal
UMIC,0_0_0_0_0_0_0_0_0_0_1_1_1_1_1_1_1,2855862789,25.667665018,38677.85,10252165,60,2.5,0.5599999999999999,0.19999999999999996,0.8,Disease,0.9,Present,365,5000,7,327,30,60,357,1,60,1,mode_disease,sensitivity,108457.08,3985598.12804145,586426635,0.006796413887966225,733033294,20.53413200587768,586426635,3985598,Optimal
UMIC,0_0_0_0_0_0_0_0_0_1_1_1_1_1_1_1_1,2855862789,31.275606788,36066.88,12495414,60,2.5,0.5599999999999999,0.19999999999999996,0.8,Disease,0.9,Present,365,5000,7,327,30,60,357,1,60,1,mode_disease,sensitivity,108457.08,4134729.5693653566,714550733,0.0057864744632049065,893188416,25.020485429210865,714550733,4134730,Optimal
UMIC,0_0_0_0_0_0_0_0_1_1_1_1_1_1_1_1_1,2855862789,37.106621994,34363.24,14826800,60,2.5,0.5599999999999999,0.19999999999999996,0.8,Disease,0.9,Present,365,5000,7,327,30,60,357,1,60,1,mode_disease,sensitivity,108457.08,4232036.811002395,847771368,0.004991955345058133,1059714210,29.68529760131974,847771368,4232037,Optimal
UMIC,0_0_0_1_0_0_0_0_1_1_1_1_1_1_1_1_1,2855862789,43.784605268,34080.1,17497234,60,2.5,0.5599999999999999,0.19999999999999996,0.8,Disease,0.9,Present,365,5000,7,327,30,60,357,1,60,1,mode_disease,sensitivity,108457.08,4248208.990803945,1000342599,0.004246754055720497,1250428249,35.02768420293319,1000342599,4248209,Optimal
UMIC,0_0_0_0_1_0_0_0_1_1_1_1_1_1_1_1_1,2855862789,44.837760734999996,33989.09,17918304,60,2.5,0.5599999999999999,0.19999999999999996,0.8,Disease,0.9,Present,365,5000,7,327,30,60,357,1,60,1,mode_disease,sensitivity,108457.08,4253407.232252482,1024403939,0.004152080120599716,1280504924,35.8702085739456,1024403939,4253407,Optimal
UMIC,0_0_0_0_0_0_0_1_1_1_1_1_1_1_1_1_1,2855862789,44.985291374,32765.35,17977908,60,2.5,0.5599999999999999,0.19999999999999996,0.8,Disease,0.9,Present,365,5000,7,327,30,60,357,1,60,1,mode_disease,sensitivity,108457.08,4323303.9028407,1027774558,0.004206471031315099,1284718197,35.988233116755666,1027774558,4323304,Optimal
UMIC,0_0_0_1_0_0_0_1_1_1_1_1_1_1_1_1_1,2855862789,51.663274648,32482.86,20648241,60,2.5,0.5599999999999999,0.19999999999999996,0.8,Disease,0.9,Present,365,5000,7,327,30,60,357,1,60,1,mode_disease,sensitivity,108457.08,4339438.956425992,1180345789,0.0036764132992749203,1475432236,41.33061971836911,1180345789,4339439,Optimal
UMIC,0_0_0_0_1_0_0_1_1_1_1_1_1_1_1_1_1,2855862789,52.716430115,32391.44,21069529,60,2.5,0.5599999999999999,0.19999999999999996,0.8,Disease,0.9,Present,365,5000,7,327,30,60,357,1,60,1,mode_disease,sensitivity,108457.08,4344660.615949399,1204407129,0.0036073023075568695,1505508911,42.17314408938153,1204407129,4344661,Optimal
UMIC,0_0_0_0_0_0_1_1_1_1_1_1_1_1_1_1_1,2855862789,53.290555374,31849.08,21298936,60,2.5,0.5599999999999999,0.19999999999999996,0.8,Disease,0.9,Present,365,5000,7,327,30,60,357,1,60,1,mode_disease,sensitivity,108457.08,4375638.73079424,1217524113,0.0035938826055740627,1521905141,42.63244430683326,1217524113,4375639,Optimal
UMIC,0_0_0_1_0_0_1_1_1_1_1_1_1_1_1_1_1,2855862789,59.968538648,31564.22,23970033,60,2.5,0.5599999999999999,0.19999999999999996,0.8,Disease,0.9,Present,365,5000,7,327,30,60,357,1,60,1,mode_disease,sensitivity,108457.08,4391909.152275731,1370095344,0.0032055500156232524,1712619180,47.974830908446705,1370095344,4391909,Optimal
UMIC,0_0_0_0_1_0_1_1_1_1_1_1_1_1_1_1_1,2855862789,61.021694114999995,31472.56,24391252,60,2.5,0.5599999999999999,0.19999999999999996,0.8,Disease,0.9,Present,365,5000,7,327,30,60,357,1,60,1,mode_disease,sensitivity,108457.08,4397144.519940526,1394156684,0.0031539815927970165,1742695855,48.81735527945912,1394156684,4397145,Optimal
UMIC,0_0_0_0_0_1_1_1_1_1_1_1_1_1_1_1_1,2855862789,61.813560378,31221.46,24708145,60,2.5,0.5599999999999999,0.19999999999999996,0.8,Disease,0.9,Present,365,5000,7,327,30,60,357,1,60,1,mode_disease,sensitivity,108457.08,4411486.662866883,1412248375,0.0031237328641034257,1765310469,49.45084828443416,1412248375,4411487,Optimal
UMIC,0_0_0_1_1_0_1_1_1_1_1_1_1_1_1_1_1,2855862789,67.699677389,31188.13,27062506,60,2.5,0.5599999999999999,0.19999999999999996,0.8,Disease,0.9,Present,365,5000,7,327,30,60,357,1,60,1,mode_disease,sensitivity,108457.08,4413390.381002031,1546727916,0.0028533721643906546,1933409895,54.15974191608826,1546727916,4413390,Optimal
UMIC,0_0_0_1_0_1_1_1_1_1_1_1_1_1_1_1_1,2855862789,68.491543652,30937.54,27379059,60,2.5,0.5599999999999999,0.19999999999999996,0.8,Disease,0.9,Present,365,5000,7,327,30,60,357,1,60,1,mode_disease,sensitivity,108457.08,4427703.394127942,1564819607,0.00282952959834978,1956024509,54.793234921063295,1564819607,4427703,Optimal
UMIC,0_0_0_0_1_1_1_1_1_1_1_1_1_1_1_1_1,2855862789,69.544699119,30845.97,27800506,60,2.5,0.5599999999999999,0.19999999999999996,0.8,Disease,0.9,Present,365,5000,7,327,30,60,357,1,60,1,mode_disease,sensitivity,108457.08,4432933.621239716,1588880947,0.0027899721683746635,1986101184,55.635759292075704,1588880947,4432934,Optimal
UMIC,0_0_1_1_0_1_1_1_1_1_1_1_1_1_1_1_1,2855862789,76.155138245,30725.92,30444490,60,2.5,0.5599999999999999,0.19999999999999996,0.8,Disease,0.9,Present,365,5000,7,327,30,60,357,1,60,1,mode_disease,sensitivity,108457.08,4439790.547796105,1739909004,0.0025517372100990004,2174886255,60.92411059458641,1739909004,4439791,Optimal
UMIC,0_0_0_1_1_1_1_1_1_1_1_1_1_1_1_1_1,2855862789,76.222682393,30562.64,30471499,60,2.5,0.5599999999999999,0.19999999999999996,0.8,Disease,0.9,Present,365,5000,7,327,30,60,357,1,60,1,mode_disease,sensitivity,108457.08,4449116.653319863,1741452178,0.002554831368908683,2176815223,60.97814589368915,1741452178,4449117,Optimal
UMIC,0_0_1_1_1_1_1_1_1_1_1_1_1_1_1_1_1,2855862789,83.886276986,30350.52,33536704,60,2.5,0.5599999999999999,0.19999999999999996,0.8,Disease,0.9,Present,365,5000,7,327,30,60,357,1,60,1,mode_disease,sensitivity,108457.08,4461232.365615916,1916541576,0.00232775141555738,2395676970,67.10902160222795,1916541576,4461232,Optimal
UMIC,1_0_1_1_1_1_1_1_1_1_1_1_1_1_1_1_1,2855862789,91.895590969,30278.61,36740580,60,2.5,0.5599999999999999,0.19999999999999996,0.8,Disease,0.9,Present,365,5000,7,327,30,60,357,1,60,1,mode_disease,sensitivity,108457.08,4465339.667479057,2099529590,0.002126828642583426,2624411987,73.51647278317473,2099529590,4465340,Optimal
UMIC,0_1_1_1_1_1_1_1_1_1_1_1_1_1_1_1_1,2855862789,91.990686019,30214.24,36778485,60,2.5,0.5599999999999999,0.19999999999999996,0.8,Disease,0.9,Present,365,5000,7,327,30,60,357,1,60,1,mode_disease,sensitivity,108457.08,4469016.305233615,2101702217,0.0021263794027973526,2627127771,73.59254881205008,2101702217,4469016,Optimal
UMIC,1_1_1_1_1_1_1_1_1_1_1_1_1_1_1_1_1,2855862789,100.000000002,30142.93,39982182,60,2.5,0.5599999999999999,0.19999999999999996,0.8,Disease,0.9,Present,365,5000,7,327,30,60,357,1,60,1,mode_disease,sensitivity,108457.08,4473089.336743287,2284690231,0.0019578537499608424,2855862789,79.99999999299686,2284690231,4473089,Optimal
UMIC,1_1_1_1_1_1_1_1_1_1_1_1_1_1_1_1_1,2855862789,100.000000002,30142.93,39982182,60,2.5,0.5599999999999999,0.19999999999999996,0.8,Disease,0.9,Present,365,5000,7,327,30,60,357,1,60,1,mode_disease,sensitivity,108457.08,4473089.336743287,2284690231,0.0019578537499608424,2855862789,79.99999999299686,2284690231,4473089,Optimal
LMIC,0_0_0_0_0_0_0_0_0_0_0_0_0_0_0_0_0,2913363391,0,124987.59,0,60,2.5,0.5599999999999999,0.19999999999999996,0.8,Disease,0.9,Present,365,5000,7,327,30,60,357,1,60,1,mode_disease,sensitivity,124987.59,0,0,NA,0,0,0,0,Optimal
LMIC,0_0_0_0_0_0_0_0_0_0_0_0_0_0_0_1_0,2913363391,1.01276252,113441.91,403236,60,2.5,0.5599999999999999,0.19999999999999996,0.8,Disease,0.9,Present,365,5000,7,327,30,60,357,1,60,1,mode_disease,sensitivity,124987.59,672735.2287240173,23604362,0.028500462280140446,29505452,0.8102100161249675,23604362,672735,Optimal
LMIC,0_0_0_0_0_0_0_0_0_0_0_0_0_0_0_0_1,2913363391,1.15002459,99924.61,455816,60,2.5,0.5599999999999999,0.19999999999999996,0.8,Disease,0.9,Present,365,5000,7,327,30,60,357,1,60,1,mode_disease,sensitivity,124987.59,1460351.3680273031,26803516,0.05448357412948881,33504395,0.9200196612204907,26803516,1460351,Optimal
LMIC,0_0_0_0_0_0_0_0_0_0_0_0_0_0_0_1_1,2913363391,2.16278711,89591.85,858700,60,2.5,0.5599999999999999,0.19999999999999996,0.8,Disease,0.9,Present,365,5000,7,327,30,60,357,1,60,1,mode_disease,sensitivity,124987.59,2062413.0622670865,50407878,0.04091449851483532,63009848,1.7302296773454584,50407878,2062413,Optimal
LMIC,0_0_0_0_0_0_0_0_0_0_0_0_0_1_0_0_1,2913363391,3.4056028519999995,87689.12,1355525,60,2.5,0.5599999999999999,0.19999999999999996,0.8,Disease,0.9,Present,365,5000,7,327,30,60,357,1,60,1,mode_disease,sensitivity,124987.59,2173279.9407662353,79374070,0.027380225778598808,99217587,2.7244823026610208,79374070,2173280,Optimal
LMIC,0_0_0_0_0_0_0_0_0_0_0_0_0_0_1_1_1,2913363391,3.4219058369999997,81492.77,1360499,60,2.5,0.5599999999999999,0.19999999999999996,0.8,Disease,0.9,Present,365,5000,7,327,30,60,357,1,60,1,mode_disease,sensitivity,124987.59,2534324.3257226916,79754042,0.0317767510795476,99692552,2.7375246852616195,79754042,2534324,Optimal
LMIC,0_0_0_0_0_0_0_0_0_0_0_0_0_1_0_1_1,2913363391,4.418365372,79417.97,1758548,60,2.5,0.5599999999999999,0.19999999999999996,0.8,Disease,0.9,Present,365,5000,7,327,30,60,357,1,60,1,mode_disease,sensitivity,124987.59,2655217.2529956284,102978431,0.02578420759902696,128723039,3.5346922844614,102978431,2655217,Optimal
LMIC,0_0_0_0_0_0_0_0_0_0_0_0_1_0_0_1_1,2913363391,5.171744392,78913.29,2060096,60,2.5,0.5599999999999999,0.19999999999999996,0.8,Disease,0.9,Present,365,5000,7,327,30,60,357,1,60,1,mode_disease,sensitivity,124987.59,2684623.5777190262,120537366,0.022272127404087683,150671708,4.137395505564654,120537366,2684624,Optimal
LMIC,0_0_0_0_0_0_0_0_0_0_0_0_0_1_1_1_1,2913363391,5.677484099,71857.59,2260253,60,2.5,0.5599999999999999,0.19999999999999996,0.8,Disease,0.9,Present,365,5000,7,327,30,60,357,1,60,1,mode_disease,sensitivity,124987.59,3095739.9392766,132324594,0.023395045707551174,165405743,4.5419872580529725,132324594,3095740,Optimal
LMIC,0_0_0_0_0_0_0_0_0_0_0_0_1_0_1_1_1,2913363391,6.430863119,71367.43,2561615,60,2.5,0.5599999999999999,0.19999999999999996,0.8,Disease,0.9,Present,365,5000,7,327,30,60,357,1,60,1,mode_disease,sensitivity,124987.59,3124300.223271251,149883530,0.020844853563116248,187354412,5.144690513480816,149883530,3124300,Optimal
LMIC,0_0_0_0_0_0_0_0_0_0_0_0_1_1_0_1_1,2913363391,7.427322653999999,69297.07,2959692,60,2.5,0.5599999999999999,0.19999999999999996,0.8,Disease,0.9,Present,365,5000,7,327,30,60,357,1,60,1,mode_disease,sensitivity,124987.59,3244934.4438750655,173107919,0.018745153063334248,216384899,5.941858112680595,173107919,3244934,Optimal
LMIC,0_0_0_0_0_0_0_0_0_0_0_0_1_1_1_1_1,2913363391,8.686441381,61763.73,3461775,60,2.5,0.5599999999999999,0.19999999999999996,0.8,Disease,0.9,Present,365,5000,7,327,30,60,357,1,60,1,mode_disease,sensitivity,124987.59,3683881.583234185,202454082,0.018196133844375732,253067603,6.949153086272168,202454082,3683882,Optimal
LMIC,0_0_0_0_0_0_0_0_0_0_0_1_1_1_1_1_1,2913363391,12.209984249,54334.26,4868866,60,2.5,0.5599999999999999,0.19999999999999996,0.8,Disease,0.9,Present,365,5000,7,327,30,60,357,1,60,1,mode_disease,sensitivity,124987.59,4116776.5014848397,284576969,0.014466302445432414,355721211,9.767987401747371,284576969,4116777,Optimal
LMIC,0_0_0_0_0_0_0_0_0_0_1_1_1_1_1_1_1,2913363391,16.344617313,47799.18,6520938,60,2.5,0.5599999999999999,0.19999999999999996,0.8,Disease,0.9,Present,365,5000,7,327,30,60,357,1,60,1,mode_disease,sensitivity,124987.59,4497557.758069967,380942478,0.011806396032687584,476178097,13.075693858748016,380942478,4497558,Optimal
LMIC,0_0_0_0_0_0_0_0_0_1_1_1_1_1_1_1_1,2913363391,21.504843948999998,43090.66,8583819,60,2.5,0.5599999999999999,0.19999999999999996,0.8,Disease,0.9,Present,365,5000,7,327,30,60,357,1,60,1,mode_disease,sensitivity,124987.59,4771910.353945792,501211401,0.009520753811818324,626514251,17.20387516876023,501211401,4771910,Optimal
LMIC,0_0_0_0_0_0_0_0_1_1_1_1_1_1_1_1_1,2913363391,27.862932358,39916.34,11126173,60,2.5,0.5599999999999999,0.19999999999999996,0.8,Disease,0.9,Present,365,5000,7,327,30,60,357,1,60,1,mode_disease,sensitivity,124987.59,4956869.3075321745,649398777,0.007633013003347291,811748471,22.290345893894703,649398777,4956869,Optimal
LMIC,0_0_0_0_0_0_0_1_1_1_1_1_1_1_1_1_1,2913363391,35.507114895,37388.75,14182934,60,2.5,0.5599999999999999,0.19999999999999996,0.8,Disease,0.9,Present,365,5000,7,327,30,60,357,1,60,1,mode_disease,sensitivity,124987.59,5104145.0710013285,827561030,0.006167696267286376,1034451287,28.40569194205269,827561030,5104145,Optimal
LMIC,0_0_0_0_0_0_1_1_1_1_1_1_1_1_1_1_1,2913363391,43.795355885,35975.4,17497863,60,2.5,0.5599999999999999,0.19999999999999996,0.8,Disease,0.9,Present,365,5000,7,327,30,60,357,1,60,1,mode_disease,sensitivity,124987.59,5186497.113974726,1020734292,0.0050811432057849115,1275917865,35.036284699439335,1020734292,5186497,Optimal
LMIC,0_0_0_0_0_1_1_1_1_1_1_1_1_1_1_1_1,2913363391,52.570135289,34992.84,21007752,60,2.5,0.5599999999999999,0.19999999999999996,0.8,Disease,0.9,Present,365,5000,7,327,30,60,357,1,60,1,mode_disease,sensitivity,124987.59,5243748.200643945,1225247261,0.00427974692785463,1531559076,42.05610823507461,1225247261,5243748,Optimal
LMIC,0_0_0_0_1_1_1_1_1_1_1_1_1_1_1_1_1,2913363391,61.39654081,34301.28,24537821,60,2.5,0.5599999999999999,0.19999999999999996,0.8,Disease,0.9,Present,365,5000,7,327,30,60,357,1,60,1,mode_disease,sensitivity,124987.59,5284043.512377544,1430963474,0.003692647370828317,1788704343,49.11723262606206,1430963474,5284044,Optimal
LMIC,0_0_0_1_0_1_1_1_1_1_1_1_1_1_1_1_1,2913363391,61.672951871,34235.99,24648419,60,2.5,0.5599999999999999,0.19999999999999996,0.8,Disease,0.9,Present,365,5000,7,327,30,60,357,1,60,1,mode_disease,sensitivity,124987.59,5287847.7822935125,1437405762,0.003678743973120631,1796757202,49.33836151166218,1437405762,5287848,Optimal
LMIC,0_0_0_1_1_1_1_1_1_1_1_1_1_1_1_1_1,2913363391,70.499357392,33543.96,28178844,60,2.5,0.5599999999999999,0.19999999999999996,0.8,Disease,0.9,Present,365,5000,7,327,30,60,357,1,60,1,mode_disease,sensitivity,124987.59,5328170.479642986,1643121975,0.0032427114722316844,2053902469,56.39948590264963,1643121975,5328170,Optimal
LMIC,0_0_1_1_0_1_1_1_1_1_1_1_1_1_1_1_1,2913363391,71.290806899,33483.72,28495145,60,2.5,0.5599999999999999,0.19999999999999996,0.8,Disease,0.9,Present,365,5000,7,327,30,60,357,1,60,1,mode_disease,sensitivity,124987.59,5331680.499856464,1661568215,0.0032088243204217233,2076960269,57.03264550288982,1661568215,5331680,Optimal
LMIC,0_0_1_1_1_1_1_1_1_1_1_1_1_1_1_1_1,2913363391,80.11721242,32792.18,32025478,60,2.5,0.5599999999999999,0.19999999999999996,0.8,Disease,0.9,Present,365,5000,7,327,30,60,357,1,60,1,mode_disease,sensitivity,124987.59,5371974.646244707,1867284430,0.0028768914698592556,2334105537,64.09376996252645,1867284430,5371975,Optimal
LMIC,1_0_1_1_1_1_1_1_1_1_1_1_1_1_1_1_1,2913363391,90.033985685,32496.77,35992399,60,2.5,0.5599999999999999,0.19999999999999996,0.8,Disease,0.9,Present,365,5000,7,327,30,60,357,1,60,1,mode_disease,sensitivity,124987.59,5389187.379831412,2098413742,0.002568219636626875,2623017178,72.0271885231498,2098413742,5389187,Optimal
LMIC,0_1_1_1_1_1_1_1_1_1_1_1_1_1_1_1_1,2913363391,90.083226736,32263.98,36011856,60,2.5,0.5599999999999999,0.19999999999999996,0.8,Disease,0.9,Present,365,5000,7,327,30,60,357,1,60,1,mode_disease,sensitivity,124987.59,5402751.41710723,2099561399,0.002573276217994998,2624451749,72.06658137759239,2099561399,5402751,Optimal
LMIC,1_1_1_1_1_1_1_1_1_1_1_1_1_1_1_1_1,2913363391,100.000000001,31969.42,39978434,60,2.5,0.5599999999999999,0.19999999999999996,0.8,Disease,0.9,Present,365,5000,7,327,30,60,357,1,60,1,mode_disease,sensitivity,124987.59,5419914.6235162895,2330690713,0.0023254542499767453,2913363391,80.00000000686491,2330690713,5419915,Optimal
LMIC,1_1_1_1_1_1_1_1_1_1_1_1_1_1_1_1_1,2913363391,100.000000001,31969.42,39978434,60,2.5,0.5599999999999999,0.19999999999999996,0.8,Disease,0.9,Present,365,5000,7,327,30,60,357,1,60,1,mode_disease,sensitivity,124987.59,5419914.6235162895,2330690713,0.0023254542499767453,2913363391,80.00000000686491,2330690713,5419915,Optimal
LIC,0_0_0_0_0_0_0_0_0_0_0_0_0_0_0_0_0,664957848,0,136696.91,0,60,2.5,0.5599999999999999,0.19999999999999996,0.8,Disease,0.9,Present,365,5000,7,327,30,60,357,1,60,1,mode_disease,sensitivity,136696.91,0,0,NA,0,0,0,0,Optimal
LIC,0_0_0_0_0_0_0_0_0_0_0_0_0_0_0_0_1,664957848,0.40741007,123446.82,157006,60,2.5,0.5599999999999999,0.19999999999999996,0.8,Disease,0.9,Present,365,5000,7,327,30,60,357,1,60,1,mode_disease,sensitivity,136696.91,176215.02664412637,2167284,0.08130683907739442,2709105,0.3259280278469621,2167284,176215,Optimal
LIC,0_0_0_0_0_0_0_0_0_0_0_0_0_0_0_1_1,664957848,0.895441948,117608.87,349646,60,2.5,0.5599999999999999,0.19999999999999996,0.8,Disease,0.9,Present,365,5000,7,327,30,60,357,1,60,1,mode_disease,sensitivity,136696.91,253854.8400187585,4763450,0.05329223196052461,5954312,0.7163536778048524,4763450,253855,Optimal
LIC,0_0_0_0_0_0_0_0_0_0_0_0_0_0_1_0_1,664957848,1.218943947,114703.55,477091,60,2.5,0.5599999999999999,0.19999999999999996,0.8,Disease,0.9,Present,365,5000,7,327,30,60,357,1,60,1,mode_disease,sensitivity,136696.91,292493.1467177856,6484370,0.04510740640315924,8105463,0.9751550447149546,6484370,292493,Optimal
LIC,0_0_0_0_0_0_0_0_0_0_0_0_0_0_1_1_1,664957848,1.706975825,108882.61,669757,60,2.5,0.5599999999999999,0.19999999999999996,0.8,Disease,0.9,Present,365,5000,7,327,30,60,357,1,60,1,mode_disease,sensitivity,136696.91,369906.741432528,9080536,0.04073622425203357,11350670,1.3655806946728448,9080536,369907,Optimal
LIC,0_0_0_0_0_0_0_0_0_0_0_0_0_1_0_1_1,664957848,2.28915375,106207.16,901713,60,2.5,0.5599999999999999,0.19999999999999996,0.8,Disease,0.9,Present,365,5000,7,327,30,60,357,1,60,1,mode_disease,sensitivity,136696.91,405487.97092116,12177526,0.033298058289007455,15221908,1.8313229983865082,12177526,405488,Optimal
LIC,0_0_0_0_0_0_0_0_0_0_0_0_0_1_1_0_1,664957848,2.612655749,103302.29,1029137,60,2.5,0.5599999999999999,0.19999999999999996,0.8,Disease,0.9,Present,365,5000,7,327,30,60,357,1,60,1,mode_disease,sensitivity,136696.91,444120.2929995553,13898447,0.031954669126215605,17373059,2.0901245156820827,13898447,444120,Optimal
LIC,0_0_0_0_0_0_0_0_0_0_0_0_0_1_1_1_1,664957848,3.100687627,97500.59,1221908,60,2.5,0.5599999999999999,0.19999999999999996,0.8,Disease,0.9,Present,365,5000,7,327,30,60,357,1,60,1,mode_disease,sensitivity,136696.91,521278.01193438726,16494613,0.03160292547585929,20618266,2.480550165639973,16494613,521278,Optimal
LIC,0_0_0_0_0_0_0_0_0_0_0_0_1_1_0_1_1,664957848,4.200513531,94978.71,1661186,60,2.5,0.5599999999999999,0.19999999999999996,0.8,Disease,0.9,Present,365,5000,7,327,30,60,357,1,60,1,mode_disease,sensitivity,136696.91,554816.889888672,22345315,0.02482922605302756,27931644,3.3604107489231407,22345315,554817,Optimal
LIC,0_0_0_0_0_0_0_0_0_0_0_0_1_1_1_0_1,664957848,4.52401553,92077.77,1788662,60,2.5,0.5599999999999999,0.19999999999999996,0.8,Disease,0.9,Present,365,5000,7,327,30,60,357,1,60,1,mode_disease,sensitivity,136696.91,593396.9462802144,24066237,0.024656822961878735,30082796,3.6192124166041872,24066237,593397,Optimal
LIC,0_0_0_0_0_0_0_0_0_0_0_0_1_1_1_1_1,664957848,5.012047408,86296.69,1981296,60,2.5,0.5599999999999999,0.19999999999999996,0.8,Disease,0.9,Present,365,5000,7,327,30,60,357,1,60,1,mode_disease,sensitivity,136696.91,670280.4365985312,26662402,0.025139536748771313,33328003,4.009637916176605,26662402,670280,Optimal
LIC,0_0_0_0_0_0_0_0_0_0_0_1_1_1_0_1_1,664957848,6.660870804,85254.79,2641222,60,2.5,0.5599999999999999,0.19999999999999996,0.8,Disease,0.9,Present,365,5000,7,327,30,60,357,1,60,1,mode_disease,sensitivity,136696.91,684136.8282351553,35433586,0.019307580612848655,44291983,5.328696564236956,35433586,684137,Optimal
LIC,0_0_0_0_0_0_0_0_0_0_0_1_1_1_1_0_1,664957848,6.984372803,82358.03,2768697,60,2.5,0.5599999999999999,0.19999999999999996,0.8,Disease,0.9,Present,365,5000,7,327,30,60,357,1,60,1,mode_disease,sensitivity,136696.91,722661.2941506049,37154508,0.01945016450749157,46443135,5.587498231918002,37154508,722661,Optimal
LIC,0_0_0_0_0_0_0_0_0_0_0_1_1_1_1_1_1,664957848,7.472404681,76591.42,2961273,60,2.5,0.5599999999999999,0.19999999999999996,0.8,Disease,0.9,Present,365,5000,7,327,30,60,357,1,60,1,mode_disease,sensitivity,136696.91,799352.3456677104,39750673,0.020109152463607047,49688341,5.977923731490421,39750673,799352,Optimal
LIC,0_0_0_0_0_0_0_0_0_0_1_1_1_1_1_0_1,664957848,10.084536795,74604.39,4005678,60,2.5,0.5599999999999999,0.19999999999999996,0.8,Disease,0.9,Present,365,5000,7,327,30,60,357,1,60,1,mode_disease,sensitivity,136696.91,825778.1695219392,53646335,0.015393002490403429,67057919,8.067629423632278,53646335,825778,Optimal
LIC,0_0_0_0_0_0_0_0_0_0_1_1_1_1_1_1_1,664957848,10.572568673000001,68846.96,4198306,60,2.5,0.5599999999999999,0.19999999999999996,0.8,Disease,0.9,Present,365,5000,7,327,30,60,357,1,60,1,mode_disease,sensitivity,136696.91,902347.134778152,56242500,0.016043865993813248,70303125,8.458054923204696,56242500,902347,Optimal
LIC,0_0_0_0_0_0_0_0_0_1_1_1_1_1_1_0_1,664957848,13.962281417,68300.28,5554330,60,2.5,0.5599999999999999,0.19999999999999996,0.8,Disease,0.9,Present,365,5000,7,327,30,60,357,1,60,1,mode_disease,sensitivity,136696.91,909617.5179050448,74274629,0.012246678740610863,92843286,11.169825158601633,74274629,909618,Optimal
LIC,0_0_0_0_0_0_0_0_0_1_1_1_1_1_1_1_1,664957848,14.450313295,62550.51,5746903,60,2.5,0.5599999999999999,0.19999999999999996,0.8,Disease,0.9,Present,365,5000,7,327,30,60,357,1,60,1,mode_disease,sensitivity,136696.91,986084.611618944,76870794,0.012827818761835362,96088492,11.56025065817405,76870794,986085,Optimal
LIC,0_0_0_0_0_0_0_0_1_1_1_1_1_1_1_1_1,664957848,19.19579052,57109.67,7642771,60,2.5,0.5599999999999999,0.19999999999999996,0.8,Disease,0.9,Present,365,5000,7,327,30,60,357,1,60,1,mode_disease,sensitivity,136696.91,1058443.1967731905,102115133,0.01036519437908515,127643916,15.356632500410763,102115133,1058443,Optimal
LIC,0_0_0_0_0_0_0_1_1_1_1_1_1_1_1_1_1,664957848,24.761385632,52732.66,9867131,60,2.5,0.5599999999999999,0.19999999999999996,0.8,Disease,0.9,Present,365,5000,7,327,30,60,357,1,60,1,mode_disease,sensitivity,136696.91,1116653.73977868,131722222,0.008477337581977851,164652777,19.809108561720443,131722222,1116654,Optimal
LIC,0_0_0_0_0_0_1_1_1_1_1_1_1_1_1_1_1,664957848,31.369080351,49373.97,12508823,60,2.5,0.5599999999999999,0.19999999999999996,0.8,Disease,0.9,Present,365,5000,7,327,30,60,357,1,60,1,mode_disease,sensitivity,136696.91,1161321.4852686625,166872930,0.006959316229780408,208591162,25.095264384337334,166872930,1161321,Optimal
LIC,0_0_0_0_0_1_1_1_1_1_1_1_1_1_1_1_1,664957848,39.396925047,46758.27,15718904,60,2.5,0.5599999999999999,0.19999999999999996,0.8,Disease,0.9,Present,365,5000,7,327,30,60,357,1,60,1,mode_disease,sensitivity,136696.91,1196108.0901289345,209578356,0.005707211913918689,261972945,31.51754004112453,209578356,1196108,Optimal
LIC,0_0_0_0_1_1_1_1_1_1_1_1_1_1_1_1_1,664957848,49.059783608000004,44477.42,19583106,60,2.5,0.5599999999999999,0.19999999999999996,0.8,Disease,0.9,Present,365,5000,7,327,30,60,357,1,60,1,mode_disease,sensitivity,136696.91,1226441.4722811505,260981505,0.004699342476561704,326226881,39.247826878794875,260981505,1226441,Optimal
LIC,0_0_0_1_1_1_1_1_1_1_1_1_1_1_1_1_1,664957848,59.937454808,42410.36,23933284,60,2.5,0.5599999999999999,0.19999999999999996,0.8,Disease,0.9,Present,365,5000,7,327,30,60,357,1,60,1,mode_disease,sensitivity,136696.91,1253931.627666888,318847048,0.003932705780635489,398558810,47.94996389004195,318847048,1253932,Optimal
LIC,0_0_1_1_1_1_1_1_1_1_1_1_1_1_1_1_1,664957848,71.965867338,40582.29,28743830,60,2.5,0.5599999999999999,0.19999999999999996,0.8,Disease,0.9,Present,365,5000,7,327,30,60,357,1,60,1,mode_disease,sensitivity,136696.91,1278243.417530755,382834146,0.0033388960473644137,478542683,57.57269384088839,382834146,1278243,Optimal
LIC,0_1_1_1_1_1_1_1_1_1_1_1_1_1_1_1_1,664957848,85.159711888,39286.69,34020621,60,2.5,0.5599999999999999,0.19999999999999996,0.8,Disease,0.9,Present,365,5000,7,327,30,60,357,1,60,1,mode_disease,sensitivity,136696.91,1295473.805288131,453020950,0.0028596333242681573,566276188,68.1277695063763,453020950,1295474,Optimal
LIC,1_1_1_1_1_1_1_1_1_1_1_1_1_1_1_1_1,664957848,99.999999998,38491.35,39956499,60,2.5,0.5599999999999999,0.19999999999999996,0.8,Disease,0.9,Present,365,5000,7,327,30,60,357,1,60,1,mode_disease,sensitivity,136696.91,1306051.1567846974,531966278,0.002455139000049102,664957848,79.99999993984581,531966278,1306051,Optimal
LIC,1_1_1_1_1_1_1_1_1_1_1_1_1_1_1_1_1,664957848,99.999999998,38491.35,39956499,60,2.5,0.5599999999999999,0.19999999999999996,0.8,Disease,0.9,Present,365,5000,7,327,30,60,357,1,60,1,mode_disease,sensitivity,136696.91,1306051.1567846974,531966278,0.002455139000049102,664957848,79.99999993984581,531966278,1306051,Optimal
