income_group,age_target,country_name,partition_size,country_code,income_group_p,pop_2019,proportion,deaths,vaccine_n,t_start,R0,reduction1,reduction2,coverage,mode,efficacy,hs_constraints,duration_R,duration_V,dur_vacc_delay,vaccine_start,vaccine_period,timing1,timing2,immunosenescence,seeding_cases,reduce_inf,sensitivity_run,directory_out,deaths_cf,y,cost,dapd_2021,income_group_size,country
HIC,1_1_1_1_0_0_1_1_0_0_0_0_0_0_0_0_0,Australia,25364307,AUS,HIC_AUS,1212261796,33.83211902,5454.14,13531803,60,2.5,0.5599999999999999,0.19999999999999996,0.8,Infection,0.9,Absent,365,5000,7,327,30,60,357,1,60,1,hs_constraints_absent,sensitivity,162146.76,79488,6865026,0.011578687984882832,1043649600,HIC_AUS
HIC,1_1_1_1_0_0_1_1_0_0_0_0_0_0_0_0_0,Belgium,11484055,BEL,HIC_BEL,1212261796,33.83211902,5454.14,13531803,60,2.5,0.5599999999999999,0.19999999999999996,0.8,Infection,0.9,Absent,365,5000,7,327,30,60,357,1,60,1,hs_constraints_absent,sensitivity,162146.76,35989,3108239,0.011578687984882832,1043649600,HIC_BEL
HIC,1_1_1_1_0_0_1_1_0_0_0_0_0_0_0_0_0,Canada,37589262,CAN,HIC_CAN,1212261796,33.83211902,5454.14,13531803,60,2.5,0.5599999999999999,0.19999999999999996,0.8,Infection,0.9,Absent,365,5000,7,327,30,60,357,1,60,1,hs_constraints_absent,sensitivity,162146.76,117799,10173795,0.011578687984882832,1043649600,HIC_CAN
HIC,1_1_1_1_0_0_1_1_0_0_0_0_0_0_0_0_0,Chile,18952038,CHL,HIC_CHL,1212261796,33.83211902,5454.14,13531803,60,2.5,0.5599999999999999,0.19999999999999996,0.8,Infection,0.9,Absent,365,5000,7,327,30,60,357,1,60,1,hs_constraints_absent,sensitivity,162146.76,59393,5129501,0.011578687984882832,1043649600,HIC_CHL
HIC,1_1_1_1_0_0_1_1_0_0_0_0_0_0_0_0_0,Germany,83132799,DEU,HIC_DEU,1212261796,33.83211902,5454.14,13531803,60,2.5,0.5599999999999999,0.19999999999999996,0.8,Infection,0.9,Absent,365,5000,7,327,30,60,357,1,60,1,hs_constraints_absent,sensitivity,162146.76,260526,22500470,0.011578687984882832,1043649600,HIC_DEU
HIC,1_1_1_1_0_0_1_1_0_0_0_0_0_0_0_0_0,Spain,47076781,ESP,HIC_ESP,1212261796,33.83211902,5454.14,13531803,60,2.5,0.5599999999999999,0.19999999999999996,0.8,Infection,0.9,Absent,365,5000,7,327,30,60,357,1,60,1,hs_constraints_absent,sensitivity,162146.76,147532,12741658,0.011578687984882832,1043649600,HIC_ESP
HIC,1_1_1_1_0_0_1_1_0_0_0_0_0_0_0_0_0,France,67059887,FRA,HIC_FRA,1212261796,33.83211902,5454.14,13531803,60,2.5,0.5599999999999999,0.19999999999999996,0.8,Infection,0.9,Absent,365,5000,7,327,30,60,357,1,60,1,hs_constraints_absent,sensitivity,162146.76,210156,18150225,0.011578687984882832,1043649600,HIC_FRA
HIC,1_1_1_1_0_0_1_1_0_0_0_0_0_0_0_0_0,United Kingdom,66834405,GBR,HIC_GBR,1212261796,33.83211902,5454.14,13531803,60,2.5,0.5599999999999999,0.19999999999999996,0.8,Infection,0.9,Absent,365,5000,7,327,30,60,357,1,60,1,hs_constraints_absent,sensitivity,162146.76,209449,18089196,0.011578687984882832,1043649600,HIC_GBR
HIC,1_1_1_1_0_0_1_1_0_0_0_0_0_0_0_0_0,Greece,10716322,GRC,HIC_GRC,1212261796,33.83211902,5454.14,13531803,60,2.5,0.5599999999999999,0.19999999999999996,0.8,Infection,0.9,Absent,365,5000,7,327,30,60,357,1,60,1,hs_constraints_absent,sensitivity,162146.76,33583,2900447,0.011578687984882832,1043649600,HIC_GRC
HIC,1_1_1_1_0_0_1_1_0_0_0_0_0_0_0_0_0,Italy,60297396,ITA,HIC_ITA,1212261796,33.83211902,5454.14,13531803,60,2.5,0.5599999999999999,0.19999999999999996,0.8,Infection,0.9,Absent,365,5000,7,327,30,60,357,1,60,1,hs_constraints_absent,sensitivity,162146.76,188963,16319909,0.011578687984882832,1043649600,HIC_ITA
HIC,1_1_1_1_0_0_1_1_0_0_0_0_0_0_0_0_0,Japan,126264931,JPN,HIC_JPN,1212261796,33.83211902,5454.14,13531803,60,2.5,0.5599999999999999,0.19999999999999996,0.8,Infection,0.9,Absent,365,5000,7,327,30,60,357,1,60,1,hs_constraints_absent,sensitivity,162146.76,395696,34174481,0.011578687984882832,1043649600,HIC_JPN
HIC,1_1_1_1_0_0_1_1_0_0_0_0_0_0_0_0_0,"Korea, Rep.",51709098,KOR,HIC_KOR,1212261796,33.83211902,5454.14,13531803,60,2.5,0.5599999999999999,0.19999999999999996,0.8,Infection,0.9,Absent,365,5000,7,327,30,60,357,1,60,1,hs_constraints_absent,sensitivity,162146.76,162049,13995427,0.011578687984882832,1043649600,HIC_KOR
HIC,1_1_1_1_0_0_1_1_0_0_0_0_0_0_0_0_0,Netherlands,17332850,NLD,HIC_NLD,1212261796,33.83211902,5454.14,13531803,60,2.5,0.5599999999999999,0.19999999999999996,0.8,Infection,0.9,Absent,365,5000,7,327,30,60,357,1,60,1,hs_constraints_absent,sensitivity,162146.76,54319,4691256,0.011578687984882832,1043649600,HIC_NLD
HIC,1_1_1_1_0_0_1_1_0_0_0_0_0_0_0_0_0,Poland,37970874,POL,HIC_POL,1212261796,33.83211902,5454.14,13531803,60,2.5,0.5599999999999999,0.19999999999999996,0.8,Infection,0.9,Absent,365,5000,7,327,30,60,357,1,60,1,hs_constraints_absent,sensitivity,162146.76,118995,10277081,0.011578687984882832,1043649600,HIC_POL
HIC,1_1_1_1_0_0_1_1_0_0_0_0_0_0_0_0_0,Romania,19356544,ROU,HIC_ROU,1212261796,33.83211902,5454.14,13531803,60,2.5,0.5599999999999999,0.19999999999999996,0.8,Infection,0.9,Absent,365,5000,7,327,30,60,357,1,60,1,hs_constraints_absent,sensitivity,162146.76,60661,5238983,0.011578687984882832,1043649600,HIC_ROU
HIC,1_1_1_1_0_0_1_1_0_0_0_0_0_0_0_0_0,Saudi Arabia,34268528,SAU,HIC_SAU,1212261796,33.83211902,5454.14,13531803,60,2.5,0.5599999999999999,0.19999999999999996,0.8,Infection,0.9,Absent,365,5000,7,327,30,60,357,1,60,1,hs_constraints_absent,sensitivity,162146.76,107393,9275015,0.011578687984882832,1043649600,HIC_SAU
HIC,1_1_1_1_0_0_1_1_0_0_0_0_0_0_0_0_0,United States,328239523,USA,HIC_USA,1212261796,33.83211902,5454.14,13531803,60,2.5,0.5599999999999999,0.19999999999999996,0.8,Infection,0.9,Absent,365,5000,7,327,30,60,357,1,60,1,hs_constraints_absent,sensitivity,162146.76,1028654,88840309,0.011578687984882832,1043649600,HIC_USA
LIC,0_0_0_0_0_0_0_0_0_0_0_0_0_1_1_1_1,Afghanistan,38041754,AFG,LIC_AFG,664957848,3.100687627,35166.94,1229791,60,2.5,0.5599999999999999,0.19999999999999996,0.8,Infection,0.9,Absent,365,5000,7,327,30,60,357,1,60,1,hs_constraints_absent,sensitivity,57088.9,16679,943645,0.017675079399412198,625790062,LIC_AFG
LIC,0_0_0_0_0_0_0_0_0_0_0_0_1_1_1_1_1,Burundi,11530580,BDI,LIC_BDI,664957848,5.012047408,30555.3,1992394,60,2.5,0.5599999999999999,0.19999999999999996,0.8,Infection,0.9,Absent,365,5000,7,327,30,60,357,1,60,1,hs_constraints_absent,sensitivity,57088.9,6119,462335,0.013234910726127756,625790062,LIC_BDI
LIC,0_0_0_0_0_0_0_0_0_0_0_0_0_1_1_1_1,Burkina Faso,20321378,BFA,LIC_BFA,664957848,3.100687627,35166.94,1229791,60,2.5,0.5599999999999999,0.19999999999999996,0.8,Infection,0.9,Absent,365,5000,7,327,30,60,357,1,60,1,hs_constraints_absent,sensitivity,57088.9,8910,504082,0.017675079399412198,625790062,LIC_BFA
LIC,0_0_0_0_0_0_0_0_0_0_0_0_0_1_1_1_1,"Congo, Dem. Rep.",86790567,COD,LIC_COD,664957848,3.100687627,35166.94,1229791,60,2.5,0.5599999999999999,0.19999999999999996,0.8,Infection,0.9,Absent,365,5000,7,327,30,60,357,1,60,1,hs_constraints_absent,sensitivity,57088.9,38052,2152883,0.017675079399412198,625790062,LIC_COD
LIC,0_0_0_0_0_0_0_0_0_0_0_0_0_1_1_1_1,Ethiopia,112078730,ETH,LIC_ETH,664957848,3.100687627,35166.94,1229791,60,2.5,0.5599999999999999,0.19999999999999996,0.8,Infection,0.9,Absent,365,5000,7,327,30,60,357,1,60,1,hs_constraints_absent,sensitivity,57088.9,49140,2780169,0.017675079399412198,625790062,LIC_ETH
LIC,0_0_0_0_0_0_0_0_0_0_0_0_0_1_1_1_1,Guinea,12771246,GIN,LIC_GIN,664957848,3.100687627,35166.94,1229791,60,2.5,0.5599999999999999,0.19999999999999996,0.8,Infection,0.9,Absent,365,5000,7,327,30,60,357,1,60,1,hs_constraints_absent,sensitivity,57088.9,5599,316797,0.017675079399412198,625790062,LIC_GIN
LIC,0_0_0_0_0_0_0_0_0_0_0_0_0_1_1_1_1,Haiti,11263077,HTI,LIC_HTI,664957848,3.100687627,35166.94,1229791,60,2.5,0.5599999999999999,0.19999999999999996,0.8,Infection,0.9,Absent,365,5000,7,327,30,60,357,1,60,1,hs_constraints_absent,sensitivity,57088.9,4938,279386,0.017675079399412198,625790062,LIC_HTI
LIC,0_0_0_0_0_0_0_0_0_0_0_0_0_1_1_1_1,Madagascar,26969307,MDG,LIC_MDG,664957848,3.100687627,35166.94,1229791,60,2.5,0.5599999999999999,0.19999999999999996,0.8,Infection,0.9,Absent,365,5000,7,327,30,60,357,1,60,1,hs_constraints_absent,sensitivity,57088.9,11824,668987,0.017675079399412198,625790062,LIC_MDG
LIC,0_0_0_0_0_0_0_0_0_0_0_0_0_1_1_1_1,Mali,19658031,MLI,LIC_MLI,664957848,3.100687627,35166.94,1229791,60,2.5,0.5599999999999999,0.19999999999999996,0.8,Infection,0.9,Absent,365,5000,7,327,30,60,357,1,60,1,hs_constraints_absent,sensitivity,57088.9,8619,487627,0.017675079399412198,625790062,LIC_MLI
LIC,0_0_0_0_0_0_0_0_0_0_0_0_0_1_1_1_1,Mozambique,30366036,MOZ,LIC_MOZ,664957848,3.100687627,35166.94,1229791,60,2.5,0.5599999999999999,0.19999999999999996,0.8,Infection,0.9,Absent,365,5000,7,327,30,60,357,1,60,1,hs_constraints_absent,sensitivity,57088.9,13314,753245,0.017675079399412198,625790062,LIC_MOZ
LIC,0_0_0_0_0_0_0_0_0_0_0_0_0_1_1_1_1,Malawi,18628747,MWI,LIC_MWI,664957848,3.100687627,35166.94,1229791,60,2.5,0.5599999999999999,0.19999999999999996,0.8,Infection,0.9,Absent,365,5000,7,327,30,60,357,1,60,1,hs_constraints_absent,sensitivity,57088.9,8168,462095,0.017675079399412198,625790062,LIC_MWI
LIC,0_0_0_0_0_0_0_0_0_0_0_0_0_1_1_1_1,Niger,23310715,NER,LIC_NER,664957848,3.100687627,35166.94,1229791,60,2.5,0.5599999999999999,0.19999999999999996,0.8,Infection,0.9,Absent,365,5000,7,327,30,60,357,1,60,1,hs_constraints_absent,sensitivity,57088.9,10220,578234,0.017675079399412198,625790062,LIC_NER
LIC,0_0_0_0_0_0_0_0_0_0_0_0_0_1_1_1_1,"Korea, Dem. People’s Rep.",25666161,PRK,LIC_PRK,664957848,3.100687627,35166.94,1229791,60,2.5,0.5599999999999999,0.19999999999999996,0.8,Infection,0.9,Absent,365,5000,7,327,30,60,357,1,60,1,hs_constraints_absent,sensitivity,57088.9,11253,636662,0.017675079399412198,625790062,LIC_PRK
LIC,0_0_0_0_0_0_0_0_0_0_0_0_0_1_1_1_1,Rwanda,12626950,RWA,LIC_RWA,664957848,3.100687627,35166.94,1229791,60,2.5,0.5599999999999999,0.19999999999999996,0.8,Infection,0.9,Absent,365,5000,7,327,30,60,357,1,60,1,hs_constraints_absent,sensitivity,57088.9,5536,313218,0.017675079399412198,625790062,LIC_RWA
LIC,0_0_0_0_0_0_0_0_0_0_0_0_0_1_1_1_1,Sudan,42813238,SDN,LIC_SDN,664957848,3.100687627,35166.94,1229791,60,2.5,0.5599999999999999,0.19999999999999996,0.8,Infection,0.9,Absent,365,5000,7,327,30,60,357,1,60,1,hs_constraints_absent,sensitivity,57088.9,18771,1062004,0.017675079399412198,625790062,LIC_SDN
LIC,0_0_0_0_0_0_0_0_0_0_0_0_0_1_1_1_1,Somalia,15442905,SOM,LIC_SOM,664957848,3.100687627,35166.94,1229791,60,2.5,0.5599999999999999,0.19999999999999996,0.8,Infection,0.9,Absent,365,5000,7,327,30,60,357,1,60,1,hs_constraints_absent,sensitivity,57088.9,6771,383069,0.017675079399412198,625790062,LIC_SOM
LIC,0_0_0_0_0_0_0_0_0_0_0_0_0_1_1_1_1,South Sudan,11062113,SSD,LIC_SSD,664957848,3.100687627,35166.94,1229791,60,2.5,0.5599999999999999,0.19999999999999996,0.8,Infection,0.9,Absent,365,5000,7,327,30,60,357,1,60,1,hs_constraints_absent,sensitivity,57088.9,4850,274401,0.017675079399412198,625790062,LIC_SSD
LIC,0_0_0_0_0_0_0_0_0_0_0_0_0_1_1_1_1,Syrian Arab Republic,17070135,SYR,LIC_SYR,664957848,3.100687627,35166.94,1229791,60,2.5,0.5599999999999999,0.19999999999999996,0.8,Infection,0.9,Absent,365,5000,7,327,30,60,357,1,60,1,hs_constraints_absent,sensitivity,57088.9,7484,423433,0.017675079399412198,625790062,LIC_SYR
LIC,0_0_0_0_0_0_0_0_0_0_0_0_0_1_1_1_1,Chad,15946876,TCD,LIC_TCD,664957848,3.100687627,35166.94,1229791,60,2.5,0.5599999999999999,0.19999999999999996,0.8,Infection,0.9,Absent,365,5000,7,327,30,60,357,1,60,1,hs_constraints_absent,sensitivity,57088.9,6992,395570,0.017675079399412198,625790062,LIC_TCD
LIC,0_0_0_0_0_0_0_0_0_0_0_0_0_1_1_1_1,Uganda,44269594,UGA,LIC_UGA,664957848,3.100687627,35166.94,1229791,60,2.5,0.5599999999999999,0.19999999999999996,0.8,Infection,0.9,Absent,365,5000,7,327,30,60,357,1,60,1,hs_constraints_absent,sensitivity,57088.9,19410,1098129,0.017675079399412198,625790062,LIC_UGA
LIC,0_0_0_0_0_0_0_0_0_0_0_0_0_1_1_1_1,"Yemen, Rep.",29161922,YEM,LIC_YEM,664957848,3.100687627,35166.94,1229791,60,2.5,0.5599999999999999,0.19999999999999996,0.8,Infection,0.9,Absent,365,5000,7,327,30,60,357,1,60,1,hs_constraints_absent,sensitivity,57088.9,12786,723376,0.017675079399412198,625790062,LIC_YEM
LMIC,0_0_0_0_0_0_0_0_0_0_0_0_0_1_1_1_1,Angola,31825295,AGO,LMIC_AGO,2913363391,5.677484099,42020.1,2262078,60,2.5,0.5599999999999999,0.19999999999999996,0.8,Infection,0.9,Absent,365,5000,7,327,30,60,357,1,60,1,hs_constraints_absent,sensitivity,78534.81,23242,1445501,0.016078737237868925,2838621269,LMIC_AGO
LMIC,0_0_0_0_0_0_0_0_0_0_0_0_0_1_1_1_1,Benin,11801151,BEN,LMIC_BEN,2913363391,5.677484099,42020.1,2262078,60,2.5,0.5599999999999999,0.19999999999999996,0.8,Infection,0.9,Absent,365,5000,7,327,30,60,357,1,60,1,hs_constraints_absent,sensitivity,78534.81,8618,536007,0.016078737237868925,2838621269,LMIC_BEN
LMIC,0_0_0_0_0_0_0_0_0_0_0_0_0_1_1_1_1,Bangladesh,163046161,BGD,LMIC_BGD,2913363391,5.677484099,42020.1,2262078,60,2.5,0.5599999999999999,0.19999999999999996,0.8,Infection,0.9,Absent,365,5000,7,327,30,60,357,1,60,1,hs_constraints_absent,sensitivity,78534.81,119072,7405536,0.016078737237868925,2838621269,LMIC_BGD
LMIC,0_0_0_0_0_0_0_0_0_0_0_0_0_1_1_1_1,Bolivia,11513100,BOL,LMIC_BOL,2913363391,5.677484099,42020.1,2262078,60,2.5,0.5599999999999999,0.19999999999999996,0.8,Infection,0.9,Absent,365,5000,7,327,30,60,357,1,60,1,hs_constraints_absent,sensitivity,78534.81,8408,522924,0.016078737237868925,2838621269,LMIC_BOL
LMIC,0_0_0_0_0_0_0_0_0_0_0_0_0_1_1_1_1,Cote d'Ivoire,25716544,CIV,LMIC_CIV,2913363391,5.677484099,42020.1,2262078,60,2.5,0.5599999999999999,0.19999999999999996,0.8,Infection,0.9,Absent,365,5000,7,327,30,60,357,1,60,1,hs_constraints_absent,sensitivity,78534.81,18781,1168042,0.016078737237868925,2838621269,LMIC_CIV
LMIC,0_0_0_0_0_0_0_0_0_0_0_0_0_1_1_1_1,Cameroon,25876380,CMR,LMIC_CMR,2913363391,5.677484099,42020.1,2262078,60,2.5,0.5599999999999999,0.19999999999999996,0.8,Infection,0.9,Absent,365,5000,7,327,30,60,357,1,60,1,hs_constraints_absent,sensitivity,78534.81,18897,1175302,0.016078737237868925,2838621269,LMIC_CMR
LMIC,0_0_0_0_0_0_0_0_0_0_0_0_0_1_1_1_1,Algeria,43053054,DZA,LMIC_DZA,2913363391,5.677484099,42020.1,2262078,60,2.5,0.5599999999999999,0.19999999999999996,0.8,Infection,0.9,Absent,365,5000,7,327,30,60,357,1,60,1,hs_constraints_absent,sensitivity,78534.81,31441,1955464,0.016078737237868925,2838621269,LMIC_DZA
LMIC,0_0_0_0_0_0_0_0_0_0_0_0_0_1_1_1_1,"Egypt, Arab Rep.",100388073,EGY,LMIC_EGY,2913363391,5.677484099,42020.1,2262078,60,2.5,0.5599999999999999,0.19999999999999996,0.8,Infection,0.9,Absent,365,5000,7,327,30,60,357,1,60,1,hs_constraints_absent,sensitivity,78534.81,73313,4559614,0.016078737237868925,2838621269,LMIC_EGY
LMIC,0_0_0_0_0_0_0_0_0_0_0_0_0_1_1_1_1,Ghana,30417856,GHA,LMIC_GHA,2913363391,5.677484099,42020.1,2262078,60,2.5,0.5599999999999999,0.19999999999999996,0.8,Infection,0.9,Absent,365,5000,7,327,30,60,357,1,60,1,hs_constraints_absent,sensitivity,78534.81,22214,1381575,0.016078737237868925,2838621269,LMIC_GHA
LMIC,0_0_0_0_0_0_0_0_0_0_0_0_0_1_1_1_1,India,1366417754,IND,LMIC_IND,2913363391,5.677484099,42020.1,2262078,60,2.5,0.5599999999999999,0.19999999999999996,0.8,Infection,0.9,Absent,365,5000,7,327,30,60,357,1,60,1,hs_constraints_absent,sensitivity,78534.81,997887,62062521,0.016078737237868925,2838621269,LMIC_IND
LMIC,0_0_0_0_0_0_0_0_0_0_0_0_0_1_1_1_1,Kenya,52573973,KEN,LMIC_KEN,2913363391,5.677484099,42020.1,2262078,60,2.5,0.5599999999999999,0.19999999999999996,0.8,Infection,0.9,Absent,365,5000,7,327,30,60,357,1,60,1,hs_constraints_absent,sensitivity,78534.81,38394,2387903,0.016078737237868925,2838621269,LMIC_KEN
LMIC,0_0_0_0_0_0_0_0_0_0_0_0_0_1_1_1_1,Cambodia,16486542,KHM,LMIC_KHM,2913363391,5.677484099,42020.1,2262078,60,2.5,0.5599999999999999,0.19999999999999996,0.8,Infection,0.9,Absent,365,5000,7,327,30,60,357,1,60,1,hs_constraints_absent,sensitivity,78534.81,12040,748817,0.016078737237868925,2838621269,LMIC_KHM
LMIC,0_0_0_0_0_0_0_0_0_0_0_0_0_1_1_1_1,Sri Lanka,21803000,LKA,LMIC_LKA,2913363391,5.677484099,42020.1,2262078,60,2.5,0.5599999999999999,0.19999999999999996,0.8,Infection,0.9,Absent,365,5000,7,327,30,60,357,1,60,1,hs_constraints_absent,sensitivity,78534.81,15923,990289,0.016078737237868925,2838621269,LMIC_LKA
LMIC,0_0_0_0_0_0_0_0_0_0_0_0_0_1_1_1_1,Morocco,36471769,MAR,LMIC_MAR,2913363391,5.677484099,42020.1,2262078,60,2.5,0.5599999999999999,0.19999999999999996,0.8,Infection,0.9,Absent,365,5000,7,327,30,60,357,1,60,1,hs_constraints_absent,sensitivity,78534.81,26635,1656543,0.016078737237868925,2838621269,LMIC_MAR
LMIC,0_0_0_0_0_0_0_0_0_0_0_0_0_1_1_1_1,Myanmar,54045420,MMR,LMIC_MMR,2913363391,5.677484099,42020.1,2262078,60,2.5,0.5599999999999999,0.19999999999999996,0.8,Infection,0.9,Absent,365,5000,7,327,30,60,357,1,60,1,hs_constraints_absent,sensitivity,78534.81,39469,2454736,0.016078737237868925,2838621269,LMIC_MMR
LMIC,0_0_0_0_0_0_0_0_0_0_0_0_0_1_1_1_1,Nigeria,200963599,NGA,LMIC_NGA,2913363391,5.677484099,42020.1,2262078,60,2.5,0.5599999999999999,0.19999999999999996,0.8,Infection,0.9,Absent,365,5000,7,327,30,60,357,1,60,1,hs_constraints_absent,sensitivity,78534.81,146763,9127741,0.016078737237868925,2838621269,LMIC_NGA
LMIC,0_0_0_0_0_0_0_0_0_0_0_0_0_1_1_1_1,Nepal,28608710,NPL,LMIC_NPL,2913363391,5.677484099,42020.1,2262078,60,2.5,0.5599999999999999,0.19999999999999996,0.8,Infection,0.9,Absent,365,5000,7,327,30,60,357,1,60,1,hs_constraints_absent,sensitivity,78534.81,20893,1299404,0.016078737237868925,2838621269,LMIC_NPL
LMIC,0_0_0_0_0_0_0_0_0_0_0_0_0_1_1_1_1,Pakistan,216565318,PAK,LMIC_PAK,2913363391,5.677484099,42020.1,2262078,60,2.5,0.5599999999999999,0.19999999999999996,0.8,Infection,0.9,Absent,365,5000,7,327,30,60,357,1,60,1,hs_constraints_absent,sensitivity,78534.81,158156,9836369,0.016078737237868925,2838621269,LMIC_PAK
LMIC,0_0_0_0_0_0_0_0_0_0_0_0_0_1_1_1_1,Philippines,108116615,PHL,LMIC_PHL,2913363391,5.677484099,42020.1,2262078,60,2.5,0.5599999999999999,0.19999999999999996,0.8,Infection,0.9,Absent,365,5000,7,327,30,60,357,1,60,1,hs_constraints_absent,sensitivity,78534.81,78957,4910643,0.016078737237868925,2838621269,LMIC_PHL
LMIC,0_0_0_0_0_0_0_0_0_0_0_0_0_1_1_1_1,Senegal,16296364,SEN,LMIC_SEN,2913363391,5.677484099,42020.1,2262078,60,2.5,0.5599999999999999,0.19999999999999996,0.8,Infection,0.9,Absent,365,5000,7,327,30,60,357,1,60,1,hs_constraints_absent,sensitivity,78534.81,11901,740179,0.016078737237868925,2838621269,LMIC_SEN
LMIC,0_0_0_0_0_0_0_0_0_0_0_0_0_1_1_1_1,Tunisia,11694719,TUN,LMIC_TUN,2913363391,5.677484099,42020.1,2262078,60,2.5,0.5599999999999999,0.19999999999999996,0.8,Infection,0.9,Absent,365,5000,7,327,30,60,357,1,60,1,hs_constraints_absent,sensitivity,78534.81,8541,531173,0.016078737237868925,2838621269,LMIC_TUN
LMIC,0_0_0_0_0_0_0_0_0_0_0_0_0_1_1_1_1,Tanzania,58005463,TZA,LMIC_TZA,2913363391,5.677484099,42020.1,2262078,60,2.5,0.5599999999999999,0.19999999999999996,0.8,Infection,0.9,Absent,365,5000,7,327,30,60,357,1,60,1,hs_constraints_absent,sensitivity,78534.81,42361,2634601,0.016078737237868925,2838621269,LMIC_TZA
LMIC,0_0_0_0_0_0_0_0_0_0_0_0_0_1_1_1_1,Ukraine,44385155,UKR,LMIC_UKR,2913363391,5.677484099,42020.1,2262078,60,2.5,0.5599999999999999,0.19999999999999996,0.8,Infection,0.9,Absent,365,5000,7,327,30,60,357,1,60,1,hs_constraints_absent,sensitivity,78534.81,32414,2015968,0.016078737237868925,2838621269,LMIC_UKR
LMIC,0_0_0_0_0_0_0_0_0_0_0_0_0_1_1_1_1,Uzbekistan,33580650,UZB,LMIC_UZB,2913363391,5.677484099,42020.1,2262078,60,2.5,0.5599999999999999,0.19999999999999996,0.8,Infection,0.9,Absent,365,5000,7,327,30,60,357,1,60,1,hs_constraints_absent,sensitivity,78534.81,24524,1525229,0.016078737237868925,2838621269,LMIC_UZB
LMIC,0_0_0_0_0_0_0_0_0_0_0_0_0_1_1_1_1,Vietnam,96462106,VNM,LMIC_VNM,2913363391,5.677484099,42020.1,2262078,60,2.5,0.5599999999999999,0.19999999999999996,0.8,Infection,0.9,Absent,365,5000,7,327,30,60,357,1,60,1,hs_constraints_absent,sensitivity,78534.81,70446,4381297,0.016078737237868925,2838621269,LMIC_VNM
LMIC,0_0_0_0_0_0_0_0_0_0_0_0_0_1_1_1_1,Zambia,17861030,ZMB,LMIC_ZMB,2913363391,5.677484099,42020.1,2262078,60,2.5,0.5599999999999999,0.19999999999999996,0.8,Infection,0.9,Absent,365,5000,7,327,30,60,357,1,60,1,hs_constraints_absent,sensitivity,78534.81,13044,811246,0.016078737237868925,2838621269,LMIC_ZMB
LMIC,0_0_0_0_0_0_0_0_0_0_0_0_0_1_1_1_1,Zimbabwe,14645468,ZWE,LMIC_ZWE,2913363391,5.677484099,42020.1,2262078,60,2.5,0.5599999999999999,0.19999999999999996,0.8,Infection,0.9,Absent,365,5000,7,327,30,60,357,1,60,1,hs_constraints_absent,sensitivity,78534.81,10696,665195,0.016078737237868925,2838621269,LMIC_ZWE
UMIC,1_1_1_1_0_0_0_0_0_0_0_0_0_0_0_0_0,Argentina,44938712,ARG,UMIC_ARG,2855862789,30.455300883,2118.83,12183322,60,2.5,0.5599999999999999,0.19999999999999996,0.8,Infection,0.9,Absent,365,5000,7,327,30,60,357,1,60,1,hs_constraints_absent,sensitivity,108457.08,95574,10948976,0.008729042803461309,2747994588,UMIC_ARG
UMIC,1_1_1_1_0_0_0_0_0_0_0_0_0_0_0_0_0,Brazil,211049527,BRA,UMIC_BRA,2855862789,30.455300883,2118.83,12183322,60,2.5,0.5599999999999999,0.19999999999999996,0.8,Infection,0.9,Absent,365,5000,7,327,30,60,357,1,60,1,hs_constraints_absent,sensitivity,108457.08,448853,51420615,0.008729042803461309,2747994588,UMIC_BRA
UMIC,0_0_0_0_0_0_0_0_0_0_0_0_0_1_1_1_1,China,1397715000,CHN,UMIC_CHN,2855862789,9.792123998,52803.14,3905407,60,2.5,0.5599999999999999,0.19999999999999996,0.8,Infection,0.9,Absent,365,5000,7,327,30,60,357,1,60,1,hs_constraints_absent,sensitivity,108457.08,1555767,109492789,0.014208852954519133,2747994588,UMIC_CHN
UMIC,1_1_1_1_0_0_0_0_0_0_0_0_0_0_0_0_0,Colombia,50339443,COL,UMIC_COL,2855862789,30.455300883,2118.83,12183322,60,2.5,0.5599999999999999,0.19999999999999996,0.8,Infection,0.9,Absent,365,5000,7,327,30,60,357,1,60,1,hs_constraints_absent,sensitivity,108457.08,107060,12264823,0.008729042803461309,2747994588,UMIC_COL
UMIC,0_0_0_0_0_0_0_0_0_0_0_0_0_1_1_1_1,Cuba,11333483,CUB,UMIC_CUB,2855862789,9.792123998,52803.14,3905407,60,2.5,0.5599999999999999,0.19999999999999996,0.8,Infection,0.9,Absent,365,5000,7,327,30,60,357,1,60,1,hs_constraints_absent,sensitivity,108457.08,12615,887831,0.014208852954519133,2747994588,UMIC_CUB
UMIC,1_1_1_1_0_0_0_0_0_0_0_0_0_0_0_0_0,Dominican Republic,10738958,DOM,UMIC_DOM,2855862789,30.455300883,2118.83,12183322,60,2.5,0.5599999999999999,0.19999999999999996,0.8,Infection,0.9,Absent,365,5000,7,327,30,60,357,1,60,1,hs_constraints_absent,sensitivity,108457.08,22839,2616466,0.008729042803461309,2747994588,UMIC_DOM
UMIC,1_1_1_1_0_0_0_0_0_0_0_0_0_0_0_0_0,Ecuador,17373662,ECU,UMIC_ECU,2855862789,30.455300883,2118.83,12183322,60,2.5,0.5599999999999999,0.19999999999999996,0.8,Infection,0.9,Absent,365,5000,7,327,30,60,357,1,60,1,hs_constraints_absent,sensitivity,108457.08,36950,4232961,0.008729042803461309,2747994588,UMIC_ECU
UMIC,1_1_1_1_0_0_0_0_0_0_0_0_0_0_0_0_0,Guatemala,16604026,GTM,UMIC_GTM,2855862789,30.455300883,2118.83,12183322,60,2.5,0.5599999999999999,0.19999999999999996,0.8,Infection,0.9,Absent,365,5000,7,327,30,60,357,1,60,1,hs_constraints_absent,sensitivity,108457.08,35313,4045445,0.008729042803461309,2747994588,UMIC_GTM
UMIC,1_1_1_1_0_0_0_0_0_0_0_0_0_0_0_0_0,Indonesia,270625568,IDN,UMIC_IDN,2855862789,30.455300883,2118.83,12183322,60,2.5,0.5599999999999999,0.19999999999999996,0.8,Infection,0.9,Absent,365,5000,7,327,30,60,357,1,60,1,hs_constraints_absent,sensitivity,108457.08,575557,65935865,0.008729042803461309,2747994588,UMIC_IDN
UMIC,0_0_0_0_0_0_0_0_0_0_0_0_0_1_1_1_1,"Iran, Islamic Rep.",82913906,IRN,UMIC_IRN,2855862789,9.792123998,52803.14,3905407,60,2.5,0.5599999999999999,0.19999999999999996,0.8,Infection,0.9,Absent,365,5000,7,327,30,60,357,1,60,1,hs_constraints_absent,sensitivity,108457.08,92290,6495226,0.014208852954519133,2747994588,UMIC_IRN
UMIC,1_1_1_1_0_0_0_0_0_0_0_0_0_0_0_0_0,Iraq,39309783,IRQ,UMIC_IRQ,2855862789,30.455300883,2118.83,12183322,60,2.5,0.5599999999999999,0.19999999999999996,0.8,Infection,0.9,Absent,365,5000,7,327,30,60,357,1,60,1,hs_constraints_absent,sensitivity,108457.08,83603,9577530,0.008729042803461309,2747994588,UMIC_IRQ
UMIC,1_1_1_1_0_0_0_0_0_0_0_0_0_0_0_0_0,Kazakhstan,18513930,KAZ,UMIC_KAZ,2855862789,30.455300883,2118.83,12183322,60,2.5,0.5599999999999999,0.19999999999999996,0.8,Infection,0.9,Absent,365,5000,7,327,30,60,357,1,60,1,hs_constraints_absent,sensitivity,108457.08,39375,4510778,0.008729042803461309,2747994588,UMIC_KAZ
UMIC,1_1_1_1_0_0_0_0_0_0_0_0_0_0_0_0_0,Mexico,127575529,MEX,UMIC_MEX,2855862789,30.455300883,2118.83,12183322,60,2.5,0.5599999999999999,0.19999999999999996,0.8,Infection,0.9,Absent,365,5000,7,327,30,60,357,1,60,1,hs_constraints_absent,sensitivity,108457.08,271323,31082809,0.008729042803461309,2747994588,UMIC_MEX
UMIC,1_1_1_1_0_0_0_0_0_0_0_0_0_0_0_0_0,Malaysia,31949777,MYS,UMIC_MYS,2855862789,30.455300883,2118.83,12183322,60,2.5,0.5599999999999999,0.19999999999999996,0.8,Infection,0.9,Absent,365,5000,7,327,30,60,357,1,60,1,hs_constraints_absent,sensitivity,108457.08,67950,7784321,0.008729042803461309,2747994588,UMIC_MYS
UMIC,1_1_1_1_0_0_0_0_0_0_0_0_0_0_0_0_0,Peru,32510453,PER,UMIC_PER,2855862789,30.455300883,2118.83,12183322,60,2.5,0.5599999999999999,0.19999999999999996,0.8,Infection,0.9,Absent,365,5000,7,327,30,60,357,1,60,1,hs_constraints_absent,sensitivity,108457.08,69142,7920925,0.008729042803461309,2747994588,UMIC_PER
UMIC,1_1_1_1_0_0_0_0_0_0_0_0_0_0_0_0_0,Russian Federation,144373535,RUS,UMIC_RUS,2855862789,30.455300883,2118.83,12183322,60,2.5,0.5599999999999999,0.19999999999999996,0.8,Infection,0.9,Absent,365,5000,7,327,30,60,357,1,60,1,hs_constraints_absent,sensitivity,108457.08,307049,35175516,0.008729042803461309,2747994588,UMIC_RUS
UMIC,1_1_1_1_0_0_0_0_0_0_0_0_0_0_0_0_0,Thailand,69625582,THA,UMIC_THA,2855862789,30.455300883,2118.83,12183322,60,2.5,0.5599999999999999,0.19999999999999996,0.8,Infection,0.9,Absent,365,5000,7,327,30,60,357,1,60,1,hs_constraints_absent,sensitivity,108457.08,148077,16963744,0.008729042803461309,2747994588,UMIC_THA
UMIC,1_1_1_1_0_0_0_0_0_0_0_0_0_0_0_0_0,Turkey,83429615,TUR,UMIC_TUR,2855862789,30.455300883,2118.83,12183322,60,2.5,0.5599999999999999,0.19999999999999996,0.8,Infection,0.9,Absent,365,5000,7,327,30,60,357,1,60,1,hs_constraints_absent,sensitivity,108457.08,177435,20326992,0.008729042803461309,2747994588,UMIC_TUR
UMIC,1_1_1_1_0_0_0_0_0_0_0_0_0_0_0_0_0,"Venezuela, RB",28515829,VEN,UMIC_VEN,2855862789,30.455300883,2118.83,12183322,60,2.5,0.5599999999999999,0.19999999999999996,0.8,Infection,0.9,Absent,365,5000,7,327,30,60,357,1,60,1,hs_constraints_absent,sensitivity,108457.08,60646,6947665,0.008729042803461309,2747994588,UMIC_VEN
UMIC,1_1_1_1_0_0_0_0_0_0_0_0_0_0_0_0_0,South Africa,58558270,ZAF,UMIC_ZAF,2855862789,30.455300883,2118.83,12183322,60,2.5,0.5599999999999999,0.19999999999999996,0.8,Infection,0.9,Absent,365,5000,7,327,30,60,357,1,60,1,hs_constraints_absent,sensitivity,108457.08,124540,14267278,0.008729042803461309,2747994588,UMIC_ZAF
